threshold_label,threshold,relation,bin_start_s,bin_end_s,large_liq_count,trade_count,weight_sum,weighted_pnl_sum,avg_markout_bps
q90,16684.13,opposite_direction,0,10,36188,118218523,404018778836.68475,-2092468459428.0745,-5.179136636799515
q90,16684.13,opposite_direction,10,20,36188,89390559,283994452471.7302,-1712099285210.6582,-6.028636370568141
q90,16684.13,opposite_direction,20,30,36188,79564445,243052008408.574,-3660355119567.735,-15.059966562442982
q90,16684.13,opposite_direction,30,40,36188,72543387,214010363021.99866,-3326160840640.047,-15.54205503729809
q90,16684.13,opposite_direction,40,50,36188,69595780,198684961111.07025,-2897120964915.5786,-14.581480896765054
q90,16684.13,opposite_direction,50,60,36188,66019682,184869539754.46344,-1861031565094.8884,-10.066729043446738
q90,16684.13,opposite_direction,60,70,36188,62762496,172944836660.49893,-1203034383688.8977,-6.956174043232792
q90,16684.13,opposite_direction,70,80,36188,60064941,163182600668.516,-804487316993.5422,-4.929982202132889
q90,16684.13,opposite_direction,80,90,36188,58742424,158254558295.6853,-276456230092.1161,-1.7469084813063074
q90,16684.13,opposite_direction,90,100,36188,57848569,154317354034.57968,-497243329126.34717,-3.222212642493365
q90,16684.13,opposite_direction,100,110,36188,57557008,152156188849.7122,-730387284197.8823,-4.800246968063198
q90,16684.13,opposite_direction,110,120,36188,56018690,146588776058.31497,-940435755790.4468,-6.415469049392492
q90,16684.13,opposite_direction,120,130,36188,55146967,145235640618.8254,-795369127742.8301,-5.476404581918679
q90,16684.13,opposite_direction,130,140,36188,54190776,144021208812.32193,-570182490962.8794,-3.9590175340487535
q90,16684.13,opposite_direction,140,150,36188,52449273,138712178131.09613,-263978881787.66888,-1.9030692571072156
q90,16684.13,opposite_direction,150,160,36188,52717389,136667900934.8844,-7406312243.980258,-0.05419203919367288
q90,16684.13,opposite_direction,160,170,36188,49963743,127140654574.02196,219399391763.29376,1.7256430879515277
q90,16684.13,opposite_direction,170,180,36188,49783668,127870763824.87468,444436038725.39185,3.47566578498013
q90,16684.13,opposite_direction,180,190,36188,49396682,126928888906.19138,462727411774.8835,3.645564187652102
q90,16684.13,opposite_direction,190,200,36188,47706197,121502017263.07014,100630736725.47658,0.8282227652862413
q90,16684.13,opposite_direction,200,210,36188,47505444,120956233257.7708,-194316656363.47125,-1.606503866149349
q90,16684.13,opposite_direction,210,220,36188,47187467,120950243334.26906,-480533631810.16864,-3.972986069007917
q90,16684.13,opposite_direction,220,230,36188,46829654,120127961101.55139,-632778975942.6106,-5.267541129809774
q90,16684.13,opposite_direction,230,240,36188,45667308,113316444767.45709,-591306696828.63,-5.218189628540526
q90,16684.13,opposite_direction,240,250,36188,45104254,110875710678.19498,-433484957483.8079,-3.9096476120180386
q90,16684.13,opposite_direction,250,260,36188,44695789,108935985227.43788,-335425707918.9425,-3.079108406819258
q90,16684.13,opposite_direction,260,270,36188,44120299,105916172197.40247,-107700154616.42024,-1.0168433430136887
q90,16684.13,opposite_direction,270,280,36188,43930000,104572732577.1957,-32185192381.646336,-0.3077780563674875
q90,16684.13,opposite_direction,280,290,36188,44435425,108424247951.04825,35865102424.462685,0.33078488532062666
q90,16684.13,opposite_direction,290,300,36188,43062651,104730932719.87096,59759915353.864426,0.5706042503575066
q90,16684.13,same_direction,0,10,36188,155849952,696436927247.4866,6523123106574.307,9.366423363498994
q90,16684.13,same_direction,10,20,36188,96019480,372209201426.8653,3479716371702.523,9.3488187781576
q90,16684.13,same_direction,20,30,36188,84016991,304835722646.1382,6488335322113.706,21.284694804767177
q90,16684.13,same_direction,30,40,36188,71440009,234840639192.64548,4100578642778.57,17.461111743162842
q90,16684.13,same_direction,40,50,36188,65834497,209841232001.47186,3221291049907.4053,15.35108719665166
q90,16684.13,same_direction,50,60,36188,63595616,195535814738.1731,1569108736550.8984,8.024661562138736
q90,16684.13,same_direction,60,70,36188,61403955,186495073966.50937,1170802687977.516,6.277928221244964
q90,16684.13,same_direction,70,80,36188,58860854,177173355892.62332,744050707202.511,4.199563210020394
q90,16684.13,same_direction,80,90,36188,57351906,168859764428.7424,403119303691.205,2.387302298181983
q90,16684.13,same_direction,90,100,36188,55896181,161099010735.4801,647314597705.1072,4.018116528151616
q90,16684.13,same_direction,100,110,36188,56883919,163039608329.4207,1183118773511.6448,7.256634051286234
q90,16684.13,same_direction,110,120,36188,55184350,157119698202.4958,1057602960584.4446,6.7311926682891565
q90,16684.13,same_direction,120,130,36188,53598516,150153571793.02908,802639720305.5465,5.345458724164757
q90,16684.13,same_direction,130,140,36188,53224679,153855769709.86896,708175554241.6785,4.602853409898824
q90,16684.13,same_direction,140,150,36188,51373113,141377823058.65744,112767689244.6383,0.7976335100155784
q90,16684.13,same_direction,150,160,36188,50030317,137560025754.1421,28416493278.851433,0.20657522505585732
q90,16684.13,same_direction,160,170,36188,49698915,133991069832.80862,-242991874818.4538,-1.8134930568257586
q90,16684.13,same_direction,170,180,36188,50387130,136846953157.62286,-745368622700.6263,-5.446731589574354
q90,16684.13,same_direction,180,190,36188,49374498,138301420870.82315,-325621233987.2173,-2.3544315881711393
q90,16684.13,same_direction,190,200,36188,48518888,132048860703.91125,92865037336.38928,0.7032626926226758
q90,16684.13,same_direction,200,210,36188,48376069,135450724801.67216,541736706978.1025,3.9995113187568165
q90,16684.13,same_direction,210,220,36188,47467442,129340469334.25421,862906860343.0815,6.671592153520595
q90,16684.13,same_direction,220,230,36188,47278596,126139385520.47507,935905432943.1763,7.419613065986113
q90,16684.13,same_direction,230,240,36188,44958710,118643637750.8545,831603581250.9465,7.0092555910774665
q90,16684.13,same_direction,240,250,36188,44263283,114239138672.47034,562782499300.8907,4.92635453874016
q90,16684.13,same_direction,250,260,36188,42941573,107037706477.98877,426586144910.416,3.985381964421474
q90,16684.13,same_direction,260,270,36188,43292625,106480987619.42113,183431249329.12106,1.7226666790951601
q90,16684.13,same_direction,270,280,36188,43194021,106289370572.41278,24883064005.023357,0.23410679610781054
q90,16684.13,same_direction,280,290,36188,44230103,113195775956.82654,-109386022793.9846,-0.96634368084287
q90,16684.13,same_direction,290,300,36188,43152895,109882996239.86679,-231722068407.06573,-2.108807334496348
q95,38929.53,opposite_direction,0,10,18094,59890745,206339011205.70447,-1065261505394.981,-5.162676215080799
q95,38929.53,opposite_direction,10,20,18094,45230030,145070834517.60553,-907449732610.1024,-6.255218256843873
q95,38929.53,opposite_direction,20,30,18094,40041773,122740704512.91359,-1722483966596.0425,-14.033518655702514
q95,38929.53,opposite_direction,30,40,18094,36464935,107853915655.60564,-1657637277936.1458,-15.36928230987218
q95,38929.53,opposite_direction,40,50,18094,35041505,100412759984.0275,-1440761916502.2751,-14.348394733213736
q95,38929.53,opposite_direction,50,60,18094,33186050,92994225187.65338,-891976735595.6605,-9.591743291540281
q95,38929.53,opposite_direction,60,70,18094,31422617,86535210551.40175,-587834155579.1222,-6.793005434821816
q95,38929.53,opposite_direction,70,80,18094,30178971,82033773419.04767,-405775087664.68085,-4.946439384080103
q95,38929.53,opposite_direction,80,90,18094,29474328,79459349268.35071,-179520164435.28925,-2.259270508609533
q95,38929.53,opposite_direction,90,100,18094,28942645,77156417312.00157,-266580610114.2028,-3.4550672439366434
q95,38929.53,opposite_direction,100,110,18094,28804488,76109328921.3873,-340753265683.56213,-4.4771550414736065
q95,38929.53,opposite_direction,110,120,18094,28026042,73072387709.0792,-401967404096.05475,-5.500947987308078
q95,38929.53,opposite_direction,120,130,18094,27461979,72048479029.42668,-351678889290.65137,-4.881142447809558
q95,38929.53,opposite_direction,130,140,18094,27048054,71791909717.8185,-257499774769.51483,-3.5867519861448165
q95,38929.53,opposite_direction,140,150,18094,26164805,68784268593.88547,-118232983959.66942,-1.718895706483963
q95,38929.53,opposite_direction,150,160,18094,26334940,68245336439.32986,5517461091.245791,0.08084744510199342
q95,38929.53,opposite_direction,160,170,18094,24962706,63975725338.472404,122100106829.94443,1.9085380616469287
q95,38929.53,opposite_direction,170,180,18094,24818671,64156753798.295105,250813193424.90753,3.909380986036931
q95,38929.53,opposite_direction,180,190,18094,24669680,63538565444.95724,259515858515.33585,4.084383345735931
q95,38929.53,opposite_direction,190,200,18094,23864515,60827100237.6343,79399653480.00897,1.3053335301176112
q95,38929.53,opposite_direction,200,210,18094,23780645,60675513695.11607,-96890260070.32216,-1.5968593287430395
q95,38929.53,opposite_direction,210,220,18094,23546421,60418273183.1514,-251518941439.517,-4.162961438455296
q95,38929.53,opposite_direction,220,230,18094,23323671,59797862576.90281,-330550672169.81024,-5.527800792958224
q95,38929.53,opposite_direction,230,240,18094,22708629,56327349290.75171,-306543540915.5712,-5.442179416845062
q95,38929.53,opposite_direction,240,250,18094,22455472,55150038362.28663,-242219870601.88882,-4.392016357463254
q95,38929.53,opposite_direction,250,260,18094,22327530,54375624333.4133,-211415266901.5011,-3.888052219964828
q95,38929.53,opposite_direction,260,270,18094,22043012,53075801796.36099,-79322649470.1471,-1.4945162726790056
q95,38929.53,opposite_direction,270,280,18094,21920271,52170537448.16479,-25508966358.983997,-0.48895348997178734
q95,38929.53,opposite_direction,280,290,18094,22151141,54211649805.98642,33547994802.048965,0.6188336809912833
q95,38929.53,opposite_direction,290,300,18094,21420148,52272378295.37668,48120702655.009766,0.920576109682499
q95,38929.53,same_direction,0,10,18094,79015243,356148805182.6621,3181814303600.477,8.933946309236061
q95,38929.53,same_direction,10,20,18094,48499885,189988811551.51572,1857086249278.0906,9.774713753470367
q95,38929.53,same_direction,20,30,18094,42011764,152692773639.88342,3027660025525.406,19.82844343810243
q95,38929.53,same_direction,30,40,18094,35979304,118598312549.92738,2041372846726.7039,17.212494873123333
q95,38929.53,same_direction,40,50,18094,33140024,106024276723.65378,1584116487668.531,14.941073276995231
q95,38929.53,same_direction,50,60,18094,31816203,98183284353.58554,749741936997.169,7.636146437077191
q95,38929.53,same_direction,60,70,18094,30675820,93691499795.16673,565172825801.894,6.032274294226312
q95,38929.53,same_direction,70,80,18094,29507592,88809793006.78044,342410236531.78766,3.8555459363095843
q95,38929.53,same_direction,80,90,18094,28590151,83896988954.00224,255815820220.50504,3.049165690091212
q95,38929.53,same_direction,90,100,18094,27818402,80226585615.93274,355346537794.208,4.429286564622754
q95,38929.53,same_direction,100,110,18094,28382650,81206755338.53615,543439471247.5986,6.692047588677796
q95,38929.53,same_direction,110,120,18094,27524027,78271735295.21048,440541914575.543,5.628365244669619
q95,38929.53,same_direction,120,130,18094,26571464,74219654648.4739,354620462629.89465,4.7779858894450715
q95,38929.53,same_direction,130,140,18094,26549859,76677963180.69548,326270322439.7529,4.255072890641089
q95,38929.53,same_direction,140,150,18094,25587443,70427855934.19269,36250156515.828735,0.5147133337368759
q95,38929.53,same_direction,150,160,18094,25147283,69319292987.94463,-19218776393.84024,-0.2772500348089614
q95,38929.53,same_direction,160,170,18094,24754100,66865463210.99512,-123687112030.32867,-1.8497907004701646
q95,38929.53,same_direction,170,180,18094,25201678,68942256884.18903,-400616309534.7544,-5.810896359365199
q95,38929.53,same_direction,180,190,18094,24688086,69250620804.74635,-204667885123.48294,-2.955466431132055
q95,38929.53,same_direction,190,200,18094,24253441,66019169220.76389,10013805511.457405,0.15168027149768998
q95,38929.53,same_direction,200,210,18094,24257999,68241745088.21438,264762355177.5157,3.8797711699087425
q95,38929.53,same_direction,210,220,18094,23705885,64666892161.54094,468981322776.67444,7.252263207657127
q95,38929.53,same_direction,220,230,18094,23479966,62561432778.34844,475710423289.45233,7.603892720533863
q95,38929.53,same_direction,230,240,18094,22340800,59010383370.10906,417511231780.3231,7.075216393049362
q95,38929.53,same_direction,240,250,18094,22006044,56884324841.51034,292546161719.9912,5.142825594486283
q95,38929.53,same_direction,250,260,18094,21454152,53697886230.50951,238707114145.22977,4.44537263758445
q95,38929.53,same_direction,260,270,18094,21462368,52907335261.67923,116544262818.50291,2.202799710892185
q95,38929.53,same_direction,270,280,18094,21474540,52725684723.70822,15496953683.965824,0.2939165942589947
q95,38929.53,same_direction,280,290,18094,21966377,56793602302.21771,-74795487721.41388,-1.3169703045670906
q95,38929.53,same_direction,290,300,18094,21430084,54619870907.11951,-130628872077.1564,-2.391599795233668
q99,196940.36,opposite_direction,0,10,3619,13213430,45905481634.953224,-232754970959.28384,-5.070308875314363
q99,196940.36,opposite_direction,10,20,3619,9912180,32082539370.14929,-211792479001.43307,-6.601487387201407
q99,196940.36,opposite_direction,20,30,3619,8586436,26522191498.85897,-365453103026.2946,-13.77914427026202
q99,196940.36,opposite_direction,30,40,3619,7919484,23713884758.13439,-382064463669.6699,-16.111424491030018
q99,196940.36,opposite_direction,40,50,3619,7636714,22135822156.022743,-342851279422.0183,-15.48852701315794
q99,196940.36,opposite_direction,50,60,3619,7246560,20400850074.843945,-168501587532.48532,-8.259537564087228
q99,196940.36,opposite_direction,60,70,3619,6795099,18794027069.390625,-123756749054.1527,-6.584897882567824
q99,196940.36,opposite_direction,70,80,3619,6553354,17943056191.974785,-59995216661.10707,-3.343645364491504
q99,196940.36,opposite_direction,80,90,3619,6398150,17452797667.668842,-42956662889.798386,-2.461305270809117
q99,196940.36,opposite_direction,90,100,3619,6340148,17167127880.36669,-86720586840.67873,-5.051548951287149
q99,196940.36,opposite_direction,100,110,3619,6253612,16635521049.303991,-82907021332.73294,-4.983734569360042
q99,196940.36,opposite_direction,110,120,3619,6034837,16020916671.1885,-100298608141.15591,-6.260478735372845
q99,196940.36,opposite_direction,120,130,3619,5911266,15540277420.715763,-72196990872.88925,-4.645798071574192
q99,196940.36,opposite_direction,130,140,3619,5828984,15611755522.85093,-62599931139.11489,-4.009794481311686
q99,196940.36,opposite_direction,140,150,3619,5577275,14784271081.179161,-18941022972.390923,-1.2811604216662016
q99,196940.36,opposite_direction,150,160,3619,5676104,14648571847.127403,646917672.7136676,0.04416250809054322
q99,196940.36,opposite_direction,160,170,3619,5257874,13447181993.706718,24146909392.46108,1.7956854754967868
q99,196940.36,opposite_direction,170,180,3619,5222210,13489062887.441921,37860291205.25677,2.8067399137492366
q99,196940.36,opposite_direction,180,190,3619,5273141,13685634944.468447,44819521636.51067,3.274931840456999
q99,196940.36,opposite_direction,190,200,3619,5096627,13062615975.740961,4439278611.759232,0.33984606299408715
q99,196940.36,opposite_direction,200,210,3619,4969258,12749527367.851616,-26466052762.382317,-2.07584579402664
q99,196940.36,opposite_direction,210,220,3619,5022186,12746602301.855738,-66797368847.88122,-5.240405816862773
q99,196940.36,opposite_direction,220,230,3619,4962872,12888107541.035667,-73182295735.14404,-5.678280965776549
q99,196940.36,opposite_direction,230,240,3619,4763041,11775288933.482191,-48561849720.779686,-4.124047400883518
q99,196940.36,opposite_direction,240,250,3619,4695571,11465900978.414242,-26355418897.84593,-2.298591183323732
q99,196940.36,opposite_direction,250,260,3619,4648693,11286837721.845985,-33446876789.906914,-2.9633523236689725
q99,196940.36,opposite_direction,260,270,3619,4586454,10951273568.312809,-9056072734.709919,-0.8269424262136417
q99,196940.36,opposite_direction,270,280,3619,4603523,10833840905.441435,845181964.850295,0.07801314162051166
q99,196940.36,opposite_direction,280,290,3619,4621259,11361262670.388834,18742273887.247368,1.649664692296558
q99,196940.36,opposite_direction,290,300,3619,4399729,10780940893.021852,11293351432.40079,1.0475292967899121
q99,196940.36,same_direction,0,10,3619,17540127,79539537071.08118,732081475934.9529,9.203994678529774
q99,196940.36,same_direction,10,20,3619,10419247,41239992965.94325,463006245979.1517,11.227117481846099
q99,196940.36,same_direction,20,30,3619,8965170,32637340787.905052,638137743442.935,19.552381659703723
q99,196940.36,same_direction,30,40,3619,7846952,25917749967.90431,471001297673.2666,18.17292389410883
q99,196940.36,same_direction,40,50,3619,7225590,23648296356.182487,363753655111.07196,15.381812272323545
q99,196940.36,same_direction,50,60,3619,6870801,21495681624.14886,115676296543.49243,5.381373736645708
q99,196940.36,same_direction,60,70,3619,6680688,20496599698.282417,95117748604.06657,4.640659914533887
q99,196940.36,same_direction,70,80,3619,6458801,19878757302.22729,17511096941.689766,0.8808949511007791
q99,196940.36,same_direction,80,90,3619,6233135,18612095125.091183,43855836682.810234,2.3563084321274324
q99,196940.36,same_direction,90,100,3619,6018479,17823558900.704224,107175704678.88423,6.013148399596538
q99,196940.36,same_direction,100,110,3619,6126616,17794866492.691666,131871635069.77548,7.410656052066198
q99,196940.36,same_direction,110,120,3619,5901625,16843094585.72997,125845182150.19391,7.471618799600765
q99,196940.36,same_direction,120,130,3619,5660111,15715646219.85483,62898300008.18031,4.002272584166209
q99,196940.36,same_direction,130,140,3619,5650702,16325442864.508718,67339027298.03498,4.124790234293066
q99,196940.36,same_direction,140,150,3619,5465275,15002915066.130703,-5220957174.973892,-0.3479961828725058
q99,196940.36,same_direction,150,160,3619,5279551,14447310857.00348,-15055944433.378859,-1.0421278106631406
q99,196940.36,same_direction,160,170,3619,5175024,13832795201.637001,-23771698998.794544,-1.7185029238328746
q99,196940.36,same_direction,170,180,3619,5376184,14720762859.03896,-47903059746.54226,-3.2541153067436612
q99,196940.36,same_direction,180,190,3619,5312682,15182095973.7239,-23511228084.072865,-1.5486154299620052
q99,196940.36,same_direction,190,200,3619,5164387,14033288736.254364,13276691053.751036,0.9460855044941324
q99,196940.36,same_direction,200,210,3619,5107175,14335528809.370268,59275243225.2944,4.134848739346801
q99,196940.36,same_direction,210,220,3619,4942499,13376517520.548359,121608082137.67961,9.091161578555193
q99,196940.36,same_direction,220,230,3619,4942509,13181818506.81819,115816746945.7629,8.78609782753856
q99,196940.36,same_direction,230,240,3619,4658420,12302701447.649948,69383515579.02058,5.639697579776201
q99,196940.36,same_direction,240,250,3619,4513106,11569507666.655966,38347878988.52253,3.314564464920446
q99,196940.36,same_direction,250,260,3619,4461450,11005841290.551361,41771923008.71012,3.7954320715647416
q99,196940.36,same_direction,260,270,3619,4458779,10802720984.66541,22116874543.54061,2.0473429402588272
q99,196940.36,same_direction,270,280,3619,4454119,10751739463.024412,-2457553125.106893,-0.2285726075821033
q99,196940.36,same_direction,280,290,3619,4641038,12175544448.159237,-38784604379.73577,-3.1854513401739033
q99,196940.36,same_direction,290,300,3619,4443323,11333478886.95656,-30400837747.275017,-2.6823924101771293
