strategy,split,horizon_s,days,pnl_all,pnl_kept,pnl_filtered,score,kept_turnover_per_day,constraint_ok,kept_trade_count,filtered_trade_count,all_clipped_turnover,kept_clipped_turnover,filtered_clipped_turnover
no_filter,train,30,7,0.030236575191214074,0.030236575191214074,,0.0,27982045201.985283,True,83985240,0,195874316413.89697,195874316413.89697,0.0
no_filter,train,120,7,-0.00946338082190134,-0.00946338082190134,,0.0,27982045201.985283,True,83985240,0,195874316413.89697,195874316413.89697,0.0
no_filter,train,300,7,-0.08505801517955065,-0.08505801517955065,,0.0,27982045201.985283,True,83985240,0,195874316413.89697,195874316413.89697,0.0
sym_both_q90_win20,train,30,7,0.030236575191214074,0.047192909211198494,-0.14975840882805477,0.01695633401998442,25572957973.0661,True,77603495,6381745,195874316413.89697,179010705811.4627,16863610602.43425
sym_both_q90_win20,train,120,7,-0.00946338082190134,-0.12878827425865647,1.2571949818841104,-0.11932489343675512,25572957973.0661,True,77603495,6381745,195874316413.89697,179010705811.4627,16863610602.43425
sym_both_q90_win20,train,300,7,-0.08505801517955065,-0.2838781690775901,2.0254589386271364,-0.19882015389803948,25572957973.0661,True,77603495,6381745,195874316413.89697,179010705811.4627,16863610602.43425
sym_both_q90_win30,train,30,7,0.030236575191214074,0.02630785265638225,0.06343028697554247,-0.003928722534831824,25020663666.211857,True,75989869,7995371,195874316413.89697,175144645663.483,20729670750.413948
sym_both_q90_win30,train,120,7,-0.00946338082190134,-0.16711279668158951,1.322513929008202,-0.15764941585968817,25020663666.211857,True,75989869,7995371,195874316413.89697,175144645663.483,20729670750.413948
sym_both_q90_win30,train,300,7,-0.08505801517955065,-0.33966611265053803,2.066121593580958,-0.2546080974709874,25020663666.211857,True,75989869,7995371,195874316413.89697,175144645663.483,20729670750.413948
sym_both_q90_win45,train,30,7,0.030236575191214074,0.020647040442817437,0.09460318408814981,-0.009589534748396637,24353749004.14023,True,74005706,9979534,195874316413.89697,170476243028.9816,25398073384.91535
sym_both_q90_win45,train,120,7,-0.00946338082190134,-0.18575823200859476,1.1738580247108075,-0.1762948511866934,24353749004.14023,True,74005706,9979534,195874316413.89697,170476243028.9816,25398073384.91535
sym_both_q90_win45,train,300,7,-0.08505801517955065,-0.41024663866743843,2.0976640349467695,-0.3251886234878878,24353749004.14023,True,74005706,9979534,195874316413.89697,170476243028.9816,25398073384.91535
sym_both_q90_win60,train,30,7,0.030236575191214074,0.0228304060555764,0.07230049205208318,-0.007406169135637675,23792851766.14619,True,72310234,11675006,195874316413.89697,166549962363.02335,29324354050.87362
sym_both_q90_win60,train,120,7,-0.00946338082190134,-0.18216036838845323,0.9713826671257371,-0.17269698756655188,23792851766.14619,True,72310234,11675006,195874316413.89697,166549962363.02335,29324354050.87362
sym_both_q90_win60,train,300,7,-0.08505801517955065,-0.45689967405182963,2.0268457690518784,-0.371841658872279,23792851766.14619,True,72310234,11675006,195874316413.89697,166549962363.02335,29324354050.87362
sym_both_q90_win90,train,30,7,0.030236575191214074,0.01332011630956263,0.10574950527907798,-0.01691645888165144,22860761567.404324,True,69494364,14490876,195874316413.89697,160025330971.83026,35848985442.06669
sym_both_q90_win90,train,120,7,-0.00946338082190134,-0.1963723613263333,0.8248746373394512,-0.18690898050443194,22860761567.404324,True,69494364,14490876,195874316413.89697,160025330971.83026,35848985442.06669
sym_both_q90_win90,train,300,7,-0.08505801517955065,-0.5622582228379682,2.0451032774955715,-0.4772002076584176,22860761567.404324,True,69494364,14490876,195874316413.89697,160025330971.83026,35848985442.06669
sym_both_q95_win20,train,30,7,0.030236575191214074,0.041033297932856136,-0.13133011485801122,0.010796722741642062,26229269604.78535,True,79482655,4502585,195874316413.89697,183604887233.49747,12269429180.3995
sym_both_q95_win20,train,120,7,-0.00946338082190134,-0.12432625054876212,1.7093928050230445,-0.11486286972686077,26229269604.78535,True,79482655,4502585,195874316413.89697,183604887233.49747,12269429180.3995
sym_both_q95_win20,train,300,7,-0.08505801517955065,-0.2729015893973308,2.72591205968661,-0.18784357421778014,26229269604.78535,True,79482655,4502585,195874316413.89697,183604887233.49747,12269429180.3995
sym_both_q95_win30,train,30,7,0.030236575191214074,0.019682182068087806,0.15561302261261695,-0.010554393123126268,25809370448.64926,True,78274230,5711010,195874316413.89697,180665593140.54483,15208723273.35212
sym_both_q95_win30,train,120,7,-0.00946338082190134,-0.16608636446627326,1.8510730844007683,-0.1566229836443719,25809370448.64926,True,78274230,5711010,195874316413.89697,180665593140.54483,15208723273.35212
sym_both_q95_win30,train,300,7,-0.08505801517955065,-0.3187026758876234,2.6904248739664474,-0.23364466070807277,25809370448.64926,True,78274230,5711010,195874316413.89697,180665593140.54483,15208723273.35212
sym_both_q95_win45,train,30,7,0.030236575191214074,0.00791505238088567,0.24048957505219248,-0.022321522810328405,25296446396.571445,True,76782209,7203031,195874316413.89697,177075124776.00012,18799191637.89683
sym_both_q95_win45,train,120,7,-0.00946338082190134,-0.18932076002738205,1.6846662646514037,-0.1798573792054807,25296446396.571445,True,76782209,7203031,195874316413.89697,177075124776.00012,18799191637.89683
sym_both_q95_win45,train,300,7,-0.08505801517955065,-0.35774276070408917,2.483439943048162,-0.27268474552453853,25296446396.571445,True,76782209,7203031,195874316413.89697,177075124776.00012,18799191637.89683
sym_both_q95_win60,train,30,7,0.030236575191214074,0.012393562126351641,0.17254250317606445,-0.017843013064862433,24864422351.356445,True,75506091,8479149,195874316413.89697,174050956459.49512,21823359954.40186
sym_both_q95_win60,train,120,7,-0.00946338082190134,-0.1988770768371545,1.5011946950594512,-0.18941369601525315,24864422351.356445,True,75506091,8479149,195874316413.89697,174050956459.49512,21823359954.40186
sym_both_q95_win60,train,300,7,-0.08505801517955065,-0.3899510905651868,2.3465992318999995,-0.30489307538563615,24864422351.356445,True,75506091,8479149,195874316413.89697,174050956459.49512,21823359954.40186
sym_both_q95_win90,train,30,7,0.030236575191214074,0.013222535397982418,0.13741019735743912,-0.017014039793231656,24148430629.887028,True,73368418,10616822,195874316413.89697,169039014409.2092,26835302004.68777
sym_both_q95_win90,train,120,7,-0.00946338082190134,-0.21968943454057283,1.3147775357712477,-0.21022605371867148,24148430629.887028,True,73368418,10616822,195874316413.89697,169039014409.2092,26835302004.68777
sym_both_q95_win90,train,300,7,-0.08505801517955065,-0.445283588920291,2.18404914595803,-0.3602255737407404,24148430629.887028,True,73368418,10616822,195874316413.89697,169039014409.2092,26835302004.68777
sym_both_q97_win20,train,30,7,0.030236575191214074,0.05386389736821848,-0.4418712963371105,0.023627322177004403,26648388028.652138,True,80609246,3375994,195874316413.89697,186538716200.56497,9335600213.331991
sym_both_q97_win20,train,120,7,-0.00946338082190134,-0.06473048500093377,1.094852830893855,-0.05526710417903243,26648388028.652138,True,80609246,3375994,195874316413.89697,186538716200.56497,9335600213.331991
sym_both_q97_win20,train,300,7,-0.08505801517955065,-0.20445802968855642,2.300725963555049,-0.11940001450900577,26648388028.652138,True,80609246,3375994,195874316413.89697,186538716200.56497,9335600213.331991
sym_both_q97_win30,train,30,7,0.030236575191214074,0.030412478957092797,0.027462997905581644,0.0001759037658787231,26313227182.11848,True,79671631,4313609,195874316413.89697,184192590274.82938,11681726139.067581
sym_both_q97_win30,train,120,7,-0.00946338082190134,-0.10737404164606001,1.5343511221057897,-0.09791066082415867,26313227182.11848,True,79671631,4313609,195874316413.89697,184192590274.82938,11681726139.067581
sym_both_q97_win30,train,300,7,-0.08505801517955065,-0.25820703266024914,2.6450835455484953,-0.1731490174806985,26313227182.11848,True,79671631,4313609,195874316413.89697,184192590274.82938,11681726139.067581
sym_both_q97_win45,train,30,7,0.030236575191214074,0.021579491444741614,0.13771477618194028,-0.00865708374647246,25896176903.997005,True,78469298,5515942,195874316413.89697,181273238327.97903,14601078085.91793
sym_both_q97_win45,train,120,7,-0.00946338082190134,-0.1434727245763083,1.6542704589414445,-0.13400934375440696,25896176903.997005,True,78469298,5515942,195874316413.89697,181273238327.97903,14601078085.91793
sym_both_q97_win45,train,300,7,-0.08505801517955065,-0.307217186484284,2.6730610887453343,-0.22215917130473334,25896176903.997005,True,78469298,5515942,195874316413.89697,181273238327.97903,14601078085.91793
sym_both_q97_win60,train,30,7,0.030236575191214074,0.03192086124100167,0.012707835406720915,0.0016842860497875978,25529033959.26171,True,77413444,6571796,195874316413.89697,178703237714.83197,17171078699.06498
sym_both_q97_win60,train,120,7,-0.00946338082190134,-0.158323390062258,1.5397558664790896,-0.14886000924035667,25529033959.26171,True,77413444,6571796,195874316413.89697,178703237714.83197,17171078699.06498
sym_both_q97_win60,train,300,7,-0.08505801517955065,-0.3273712776740691,2.43675003822902,-0.24231326249451846,25529033959.26171,True,77413444,6571796,195874316413.89697,178703237714.83197,17171078699.06498
sym_both_q97_win90,train,30,7,0.030236575191214074,0.013009514747906884,0.17189801419615144,-0.017227060443307192,24948166817.483486,True,75708518,8276722,195874316413.89697,174637167722.3844,21237148691.51256
sym_both_q97_win90,train,120,7,-0.00946338082190134,-0.22049650995250186,1.7259027223353032,-0.21103312913060052,24948166817.483486,True,75708518,8276722,195874316413.89697,174637167722.3844,21237148691.51256
sym_both_q97_win90,train,300,7,-0.08505801517955065,-0.42544498592984553,2.714009664051349,-0.3403869707502949,24948166817.483486,True,75708518,8276722,195874316413.89697,174637167722.3844,21237148691.51256
sym_both_q99_win20,train,30,7,0.030236575191214074,0.05297527983932861,-0.877672087261222,0.022738704648114533,27298353952.44093,True,82313841,1671399,195874316413.89697,191088477667.08652,4785838746.81045
sym_both_q99_win20,train,120,7,-0.00946338082190134,-0.029215569208326943,0.7791999672424391,-0.019752188386425604,27298353952.44093,True,82313841,1671399,195874316413.89697,191088477667.08652,4785838746.81045
sym_both_q99_win20,train,300,7,-0.08505801517955065,-0.149553962517044,2.49012954220146,-0.06449594733749335,27298353952.44093,True,82313841,1671399,195874316413.89697,191088477667.08652,4785838746.81045
sym_both_q99_win30,train,30,7,0.030236575191214074,0.039441698990302296,-0.2527472924526104,0.009205123799088222,27100498676.348015,True,81787530,2197710,195874316413.89697,189703490734.4361,6170825679.46087
sym_both_q99_win30,train,120,7,-0.00946338082190134,-0.061761454935038776,1.5982837397898735,-0.05229807411313744,27100498676.348015,True,81787530,2197710,195874316413.89697,189703490734.4361,6170825679.46087
sym_both_q99_win30,train,300,7,-0.08505801517955065,-0.1655956510216864,2.390829564274294,-0.08053763584213576,27100498676.348015,True,81787530,2197710,195874316413.89697,189703490734.4361,6170825679.46087
sym_both_q99_win45,train,30,7,0.030236575191214074,0.030435412871368455,0.02546505108182984,0.00019883768015438105,26862632734.738255,True,81122849,2862391,195874316413.89697,188038429143.1678,7835887270.729179
sym_both_q99_win45,train,120,7,-0.00946338082190134,-0.09697129657635896,2.0904712465594395,-0.08750791575445761,26862632734.738255,True,81122849,2862391,195874316413.89697,188038429143.1678,7835887270.729179
sym_both_q99_win45,train,300,7,-0.08505801517955065,-0.17496474174999546,2.072441071983496,-0.08990672657044481,26862632734.738255,True,81122849,2862391,195874316413.89697,188038429143.1678,7835887270.729179
sym_both_q99_win60,train,30,7,0.030236575191214074,0.03407952363191909,-0.04628988294091236,0.003842948440705013,26644054023.97082,True,80526474,3458766,195874316413.89697,186508378167.79575,9365938246.10122
sym_both_q99_win60,train,120,7,-0.00946338082190134,-0.10595576443129552,1.9120352987176954,-0.09649238360939418,26644054023.97082,True,80526474,3458766,195874316413.89697,186508378167.79575,9365938246.10122
sym_both_q99_win60,train,300,7,-0.08505801517955065,-0.15121504450741552,1.2323583418496764,-0.06615702932786487,26644054023.97082,True,80526474,3458766,195874316413.89697,186508378167.79575,9365938246.10122
sym_both_q99_win90,train,30,7,0.030236575191214074,0.004757219638346825,0.4254540440114121,-0.025479355552867247,26287322452.74593,True,79520836,4464404,195874316413.89697,184011257169.2215,11863059244.67547
sym_both_q99_win90,train,120,7,-0.00946338082190134,-0.18798073473481547,2.759569635242818,-0.17851735391291412,26287322452.74593,True,79520836,4464404,195874316413.89697,184011257169.2215,11863059244.67547
sym_both_q99_win90,train,300,7,-0.08505801517955065,-0.24035915436000083,2.323861747505885,-0.1553011391804502,26287322452.74593,True,79520836,4464404,195874316413.89697,184011257169.2215,11863059244.67547
