variant,horizon_s,symbol,days,pnl_all,pnl_kept,pnl_filtered,score,kept_turnover_per_day,constraint_ok,kept_trade_count,filtered_trade_count,all_clipped_turnover,kept_clipped_turnover,filtered_clipped_turnover
current_hybrid,30,btcusdt,179,-0.10882655642065976,6.5785181725915605,-0.111145461965708,6.68734472901222,424376.44956759777,False,13070,80390513,219141953301.80112,75963384.4726,219065989917.3285
current_hybrid,30,ethusdt,179,-0.03928731348105265,22.7202583773295,-0.09502787365147579,22.759545690810555,2772708.333776983,True,159894,136885281,203147654233.5019,496314791.74608,202651339441.7558
current_hybrid,120,btcusdt,179,-0.03653556779181465,4.10312608864827,-0.09892517160111977,4.139661656440084,18177035.123465363,True,646367,79757137,219141785402.404,3253689287.1003,215888096115.3037
current_hybrid,120,ethusdt,179,-0.002259481798598134,10.627159248248201,-0.13368304153847765,10.6294187300468,13860712.333216872,True,782164,136262863,203147565116.4344,2481067507.64582,200666497608.78854
current_hybrid,300,btcusdt,179,0.013362138568905356,4.430783755322955,-0.053213958938096204,4.41742161675405,18177035.123465363,True,646367,79756866,219140740785.2208,3253689287.1003,215887051498.1205
current_hybrid,300,ethusdt,179,0.059261656412296505,12.155270609505832,-0.09029553181701555,12.096008953093536,13860712.333216872,True,782164,136262496,203146880639.2635,2481067507.64582,200665813131.61768
eth100_btc50_baseline_and_ret20_long,30,btcusdt,179,-0.10882655642065976,6.5785181725915605,-0.111145461965708,6.68734472901222,424376.44956759777,False,13070,80390513,219141953301.80112,75963384.4726,219065989917.3285
eth100_btc50_baseline_and_ret20_long,30,ethusdt,179,-0.03928731348105265,67.91077705586619,-0.06140651223476916,67.95006436934725,369315.00262307265,False,23979,137021196,203147654233.5019,66107385.46953001,203081546848.03235
eth100_btc50_baseline_and_ret20_long,120,btcusdt,179,-0.03653556779181465,7.749358950655656,-0.06330782391115769,7.785894518447471,4195249.888484358,True,138986,80264518,219141785402.404,750949730.0387,218390835672.3653
eth100_btc50_baseline_and_ret20_long,120,ethusdt,179,-0.002259481798598134,17.956408876454233,-0.106136192878706,17.958668358252833,6526762.915590559,True,336554,136708473,203147565116.4344,1168290561.89071,201979274554.54367
eth100_btc50_baseline_and_ret20_long,300,btcusdt,179,0.013362138568905356,6.976901575786241,-0.010582515781585245,6.963539437217335,4195249.888484358,True,138986,80264247,219140740785.2208,750949730.0387,218389791055.1821
eth100_btc50_baseline_and_ret20_long,300,ethusdt,179,0.059261656412296505,21.771523076031393,-0.06632705120333561,21.712261419619097,6526762.915590559,True,336554,136708106,203146880639.2635,1168290561.89071,201978590077.37277
eth100_btc50_baseline_or_ret50_long,30,btcusdt,179,-0.10882655642065976,6.5785181725915605,-0.111145461965708,6.68734472901222,424376.44956759777,False,13070,80390513,219141953301.80112,75963384.4726,219065989917.3285
eth100_btc50_baseline_or_ret50_long,30,ethusdt,179,-0.03928731348105265,67.91077705586619,-0.06140651223476916,67.95006436934725,369315.00262307265,False,23979,137021196,203147654233.5019,66107385.46953001,203081546848.03235
eth100_btc50_baseline_or_ret50_long,120,btcusdt,179,-0.03653556779181465,4.2779601503735645,-0.10240794202227807,4.314495718165379,18410469.960707262,True,653634,79749870,219141785402.404,3295474122.9666,215846311279.4374
eth100_btc50_baseline_or_ret50_long,120,ethusdt,179,-0.002259481798598134,11.491447030705148,-0.15974489366058012,11.493706512503746,15340113.208587542,True,877663,136167364,203147565116.4344,2745880264.33717,200401684852.0972
eth100_btc50_baseline_or_ret50_long,300,btcusdt,179,0.013362138568905356,4.666526933458919,-0.057681273263024406,4.653164794890014,18410469.960707262,True,653634,79749599,219140740785.2208,3295474122.9666,215845266662.2542
eth100_btc50_baseline_or_ret50_long,300,ethusdt,179,0.059261656412296505,13.025898056586511,-0.11840627398456756,12.966636400174215,15340113.208587542,True,877663,136166997,203146880639.2635,2745880264.33717,200401000374.92633
eth100_btc50_bybit_or_ret50_long,30,btcusdt,179,-0.10882655642065976,6.5785181725915605,-0.111145461965708,6.68734472901222,424376.44956759777,False,13070,80390513,219141953301.80112,75963384.4726,219065989917.3285
eth100_btc50_bybit_or_ret50_long,30,ethusdt,179,-0.03928731348105265,67.91077705586619,-0.06140651223476916,67.95006436934725,369315.00262307265,False,23979,137021196,203147654233.5019,66107385.46953001,203081546848.03235
eth100_btc50_bybit_or_ret50_long,120,btcusdt,179,-0.03653556779181465,13.852251984004802,-0.09779306110383673,13.888787551796616,5375956.871881564,True,175251,80228253,219141785402.404,962296280.0668,218179489122.3372
eth100_btc50_bybit_or_ret50_long,120,ethusdt,179,-0.002259481798598134,28.582369717985934,-0.10694132162675465,28.584629199784533,4141043.744964357,True,220557,136824470,203147565116.4344,741246830.3486199,202406318286.08575
eth100_btc50_bybit_or_ret50_long,300,btcusdt,179,0.013362138568905356,12.151511117672754,-0.040174294124895114,12.13814897910385,5375956.871881564,True,175251,80227982,219140740785.2208,962296280.0668,218178444505.154
eth100_btc50_bybit_or_ret50_long,300,ethusdt,179,0.059261656412296505,30.932679636254864,-0.05380250484119546,30.873417979842568,4141043.744964357,True,220557,136824103,203146880639.2635,741246830.3486199,202405633808.91486
eth100_btc50_liq2_and_ret20_long,30,btcusdt,179,-0.10882655642065976,6.5785181725915605,-0.111145461965708,6.68734472901222,424376.44956759777,False,13070,80390513,219141953301.80112,75963384.4726,219065989917.3285
eth100_btc50_liq2_and_ret20_long,30,ethusdt,179,-0.03928731348105265,67.91077705586619,-0.06140651223476916,67.95006436934725,369315.00262307265,False,23979,137021196,203147654233.5019,66107385.46953001,203081546848.03235
eth100_btc50_liq2_and_ret20_long,120,btcusdt,179,-0.03653556779181465,16.269104159707847,-0.055785865885615404,16.305639727499663,1443641.5041849161,True,43370,80360134,219141785402.404,258411829.2491,218883373573.1549
eth100_btc50_liq2_and_ret20_long,120,ethusdt,179,-0.002259481798598134,55.562234900652896,-0.031207630702547656,55.56449438245149,590956.9171200559,True,26707,137018320,203147565116.4344,105781288.16449,203041783828.2699
eth100_btc50_liq2_and_ret20_long,300,btcusdt,179,0.013362138568905356,13.71466270260065,-0.0028135762945606505,13.701300564031746,1443641.5041849161,True,43370,80359863,219140740785.2208,258411829.2491,218882328955.9717
eth100_btc50_liq2_and_ret20_long,300,ethusdt,179,0.059261656412296505,60.35678290190361,0.02784757576134256,60.29752124549131,590956.9171200559,True,26707,137017953,203146880639.2635,105781288.16449,203041099351.099
eth100_btc50_liq2_long,30,btcusdt,179,-0.10882655642065976,6.5785181725915605,-0.111145461965708,6.68734472901222,424376.44956759777,False,13070,80390513,219141953301.80112,75963384.4726,219065989917.3285
eth100_btc50_liq2_long,30,ethusdt,179,-0.03928731348105265,67.91077705586619,-0.06140651223476916,67.95006436934725,369315.00262307265,False,23979,137021196,203147654233.5019,66107385.46953001,203081546848.03235
eth100_btc50_liq2_long,120,btcusdt,179,-0.03653556779181465,12.811980395912167,-0.06591216884782171,12.848515963703981,2792729.7566055865,True,89080,80314424,219141785402.404,499898626.4324,218641886775.9716
eth100_btc50_liq2_long,120,ethusdt,179,-0.002259481798598134,35.439426794768465,-0.031160308439664986,35.44168627656706,924699.1924851955,True,43904,137001123,203147565116.4344,165521155.45485,202982043960.97952
eth100_btc50_liq2_long,300,btcusdt,179,0.013362138568905356,11.615392917781481,-0.013164649349989732,11.602030779212576,2792729.7566055865,True,89080,80314153,219140740785.2208,499898626.4324,218640842158.7884
eth100_btc50_liq2_long,300,ethusdt,179,0.059261656412296505,39.91346300134519,0.026762546774252455,39.854201344932896,924699.1924851955,True,43904,137000756,203146880639.2635,165521155.45485,202981359483.80865
eth100_btc50_liq2_or_ret50_long,30,btcusdt,179,-0.10882655642065976,6.5785181725915605,-0.111145461965708,6.68734472901222,424376.44956759777,False,13070,80390513,219141953301.80112,75963384.4726,219065989917.3285
eth100_btc50_liq2_or_ret50_long,30,ethusdt,179,-0.03928731348105265,67.91077705586619,-0.06140651223476916,67.95006436934725,369315.00262307265,False,23979,137021196,203147654233.5019,66107385.46953001,203081546848.03235
eth100_btc50_liq2_or_ret50_long,120,btcusdt,179,-0.03653556779181465,13.318326716797669,-0.07055365472474524,13.354862284589483,3110554.3215888264,True,99140,80304364,219141785402.404,556789223.5644,218584996178.8396
eth100_btc50_liq2_or_ret50_long,120,ethusdt,179,-0.002259481798598134,27.646205566236777,-0.08475796160633282,27.648465048035376,3376288.710817709,True,188431,136856596,203147565116.4344,604355679.23637,202543209437.198
eth100_btc50_liq2_or_ret50_long,300,btcusdt,179,0.013362138568905356,12.594059463608806,-0.018684114806342255,12.580697325039901,3110554.3215888264,True,99140,80304093,219140740785.2208,556789223.5644,218583951561.6564
eth100_btc50_liq2_or_ret50_long,300,ethusdt,179,0.059261656412296505,30.347384540460986,-0.03111343435936459,30.28812288404869,3376288.710817709,True,188431,136856229,203146880639.2635,604355679.23637,202542524960.02713
eth100_btc50_ret5_long,30,btcusdt,179,-0.10882655642065976,6.5785181725915605,-0.111145461965708,6.68734472901222,424376.44956759777,False,13070,80390513,219141953301.80112,75963384.4726,219065989917.3285
eth100_btc50_ret5_long,30,ethusdt,179,-0.03928731348105265,67.91077705586619,-0.06140651223476916,67.95006436934725,369315.00262307265,False,23979,137021196,203147654233.5019,66107385.46953001,203081546848.03235
eth100_btc50_ret5_long,120,btcusdt,179,-0.03653556779181465,12.928405152268201,-0.04103129773960071,12.964940720060016,424376.44956759777,False,13070,80390434,219141785402.404,75963384.4726,219065822017.9314
eth100_btc50_ret5_long,120,ethusdt,179,-0.002259481798598134,32.62206250016288,-0.08215996869118586,32.62432198196148,2772708.333776983,True,159894,136885133,203147565116.4344,496314791.74608,202651250324.6883
eth100_btc50_ret5_long,300,btcusdt,179,0.013362138568905356,17.49377080494368,0.007300593577430781,17.480408666374775,424376.44956759777,False,13070,80390163,219140740785.2208,75963384.4726,219064777400.7482
eth100_btc50_ret5_long,300,ethusdt,179,0.059261656412296505,34.360116411029665,-0.024745123993439103,34.30085475461737,2772708.333776983,True,159894,136884766,203146880639.2635,496314791.74608,202650565847.5174
