timestamp,utc,ticker,bid_price,ask_price,bid_amount,ask_amount,spread_bps,top_imbalance,source,symbol,side,price,amount,notional
1776938710891000,2026-04-23T10:05:10.891000,perp:btcusdt,76931.3,77543.8,3.896,2.786,79.30080640828199,0.1661179287638431,binance_booktickers,btcusdt,,,,
1772403189432000,2026-03-01T22:13:09.432000,perp:btcusdt,66125.8,66544.2,0.002,11.002,63.07379211577511,-0.9996364958197018,binance_booktickers,btcusdt,,,,
1772327462939000,2026-03-01T01:11:02.939000,perp:btcusdt,65862.6,66200.0,1.508,0.04,51.0969797656557,0.9483204134366924,binance_booktickers,btcusdt,,,,
1776938710995000,2026-04-23T10:05:10.995000,perp:btcusdt,77201.8,77511.2,1.6,3.014,39.996638937903626,-0.3064586042479409,binance_booktickers,btcusdt,,,,
1763710369027000,2025-11-21T07:32:49.027000,perp:btcusdt,84548.6,84864.8,2.151,0.197,37.32880633999401,0.832197614991482,binance_booktickers,btcusdt,,,,
1765712686183000,2025-12-14T11:44:46.183000,perp:btcusdt,88419.3,88717.5,0.871,0.43,33.66889319441213,0.3389700230591853,binance_booktickers,btcusdt,,,,
1770852055108000,2026-02-11T23:20:55.108000,perp:btcusdt,66855.2,67077.9,0.804,0.534,33.25540885710808,0.2017937219730941,binance_booktickers,btcusdt,,,,
1769879515640000,2026-01-31T17:11:55.640000,perp:btcusdt,78816.0,79076.5,0.033,1.724,32.99713412606678,-0.962435970404098,binance_booktickers,btcusdt,,,,
1776938710837000,2026-04-23T10:05:10.837000,perp:btcusdt,77306.9,77554.1,1.039,3.105,31.925404072040298,-0.4985521235521234,binance_booktickers,btcusdt,,,,
1763710453434000,2025-11-21T07:34:13.434000,perp:btcusdt,82312.7,82560.4,0.33,3.609,30.047351569176183,-0.8324447829398324,binance_booktickers,btcusdt,,,,
1769869609591000,2026-01-31T14:26:49.591000,perp:btcusdt,81192.3,81435.8,0.835,2.63,29.9456244031628,-0.5180375180375181,binance_booktickers,btcusdt,,,,
1768779986563000,2026-01-18T23:46:26.563000,perp:btcusdt,93953.9,94233.1,5.674,2.612,29.672612879743195,0.369538981414434,binance_booktickers,btcusdt,,,,
1763441249016000,2025-11-18T04:47:29.016000,perp:btcusdt,89140.1,89400.0,4.543,0.077,29.11390774397395,0.9666666666666668,binance_booktickers,btcusdt,,,,
1763710373913000,2025-11-21T07:32:53.913000,perp:btcusdt,84474.8,84720.5,6.781,0.258,29.043359951487677,0.9266941326893025,binance_booktickers,btcusdt,,,,
1769885016762000,2026-01-31T18:43:36.762000,perp:btcusdt,76250.0,76462.2,2.028,0.148,27.79083792912381,0.8639705882352942,binance_booktickers,btcusdt,,,,
1763710457218000,2025-11-21T07:34:17.218000,perp:btcusdt,82053.3,82280.8,0.878,0.873,27.687497603966555,0.0028555111364934,binance_booktickers,btcusdt,,,,
1764736043872000,2025-12-03T04:27:23.872000,perp:btcusdt,93150.5,93400.0,0.02,29.059,26.748789201851512,-0.9986244368788472,binance_booktickers,btcusdt,,,,
1763710435209000,2025-11-21T07:33:55.209000,perp:btcusdt,83336.1,83557.6,0.062,0.895,26.543841978456943,-0.87042842215256,binance_booktickers,btcusdt,,,,
1772403189016000,2026-03-01T22:13:09.016000,perp:btcusdt,66508.8,66682.8,0.002,0.367,26.127773823574454,-0.989159891598916,binance_booktickers,btcusdt,,,,
1770294108160000,2026-02-05T12:21:48.160000,perp:btcusdt,69312.6,69491.1,1.16,2.468,25.719775481489325,-0.360529217199559,binance_booktickers,btcusdt,,,,
1763693081692000,2025-11-21T02:44:41.692000,perp:btcusdt,85786.1,85999.0,3.658,0.176,24.78678302134401,0.908189880020866,binance_booktickers,btcusdt,,,,
1763710472947000,2025-11-21T07:34:32.947000,perp:btcusdt,82019.9,82223.3,0.441,0.536,24.768148696568105,-0.097236438075742,binance_booktickers,btcusdt,,,,
1763710434013000,2025-11-21T07:33:54.013000,perp:btcusdt,83333.0,83534.4,32.505,1.952,24.13892707622869,0.8866993644252258,binance_booktickers,btcusdt,,,,
1763710409229000,2025-11-21T07:33:29.229000,perp:btcusdt,83900.0,84102.3,7.153,0.503,24.083003625545956,0.8685997910135841,binance_booktickers,btcusdt,,,,
1763710453331000,2025-11-21T07:34:13.331000,perp:btcusdt,82322.0,82520.0,5.117,0.116,24.023003846107184,0.9556659659850948,binance_booktickers,btcusdt,,,,
1769885022112000,2026-01-31T18:43:42.112000,perp:btcusdt,75846.1,76022.0,0.701,0.354,23.16483843545737,0.3289099526066351,binance_booktickers,btcusdt,,,,
1769737367926000,2026-01-30T01:42:47.926000,perp:btcusdt,81685.6,81872.5,1.819,6.064,22.85426401994083,-0.5385005708486617,binance_booktickers,btcusdt,,,,
1763710409281000,2025-11-21T07:33:29.281000,perp:btcusdt,83908.8,84100.0,9.789,1.314,22.76071253410501,0.7633072142664145,binance_booktickers,btcusdt,,,,
1762183619188000,2025-11-03T15:26:59.188000,perp:btcusdt,106330.6,106569.9,0.038,1.269,22.47998478162225,-0.9418515684774292,binance_booktickers,btcusdt,,,,
1763710429698000,2025-11-21T07:33:49.698000,perp:btcusdt,83700.1,83885.7,0.512,0.119,22.149848018148468,0.6228209191759113,binance_booktickers,btcusdt,,,,
1770468238103000,2026-02-07T12:43:58.103000,perp:btcusdt,69045.7,69198.6,0.014,0.003,22.120261016187825,0.6470588235294117,binance_booktickers,btcusdt,,,,
1769879537030000,2026-01-31T17:12:17.030000,perp:btcusdt,78661.3,78832.9,0.017,0.262,21.791278662959176,-0.8781362007168457,binance_booktickers,btcusdt,,,,
1769737164511000,2026-01-30T01:39:24.511000,perp:btcusdt,82695.1,82874.5,1.206,0.029,21.67064485267757,0.9530364372469636,binance_booktickers,btcusdt,,,,
1763710462669000,2025-11-21T07:34:22.669000,perp:btcusdt,81624.7,81799.5,2.895,2.176,21.392180595040745,0.1417866298560441,binance_booktickers,btcusdt,,,,
1774538119578000,2026-03-26T15:15:19.578000,perp:btcusdt,68600.1,68746.4,0.215,17.36,21.303782768397937,-0.9755334281650072,binance_booktickers,btcusdt,,,,
1774824083162000,2026-03-29T22:41:23.162000,perp:btcusdt,65843.6,65983.4,0.416,19.526,21.20961563260764,-0.9582790091264668,binance_booktickers,btcusdt,,,,
1763710411304000,2025-11-21T07:33:31.304000,perp:btcusdt,83669.0,83845.7,0.416,0.262,21.09665599496606,0.2271386430678466,binance_booktickers,btcusdt,,,,
1763710470352000,2025-11-21T07:34:30.352000,perp:btcusdt,81426.9,81598.0,0.144,0.058,20.99065848223257,0.4257425742574257,binance_booktickers,btcusdt,,,,
1771939979536000,2026-02-24T13:32:59.536000,perp:btcusdt,62410.0,62540.9,71.67,0.007,20.95223003595836,0.9998046793253064,binance_booktickers,btcusdt,,,,
1768342234673000,2026-01-13T22:10:34.673000,perp:btcusdt,95600.0,95799.4,20.975,0.134,20.836010980180102,0.9873039935572504,binance_booktickers,btcusdt,,,,
1763710410993000,2025-11-21T07:33:30.993000,perp:btcusdt,83680.0,83854.1,0.972,0.202,20.783828486261104,0.6558773424190801,binance_booktickers,btcusdt,,,,
1769869602057000,2026-01-31T14:26:42.057000,perp:btcusdt,81550.0,81718.2,4.226,0.477,20.604134791710457,0.7971507548373379,binance_booktickers,btcusdt,,,,
1769879552209000,2026-01-31T17:12:32.209000,perp:btcusdt,78319.9,78480.7,2.651,0.001,20.51012559900956,0.9992458521870288,binance_booktickers,btcusdt,,,,
1772403188704000,2026-03-01T22:13:08.704000,perp:btcusdt,66443.9,66580.1,0.595,6.785,20.47750781813983,-0.8387533875338754,binance_booktickers,btcusdt,,,,
1773431146507000,2026-03-13T19:45:46.507000,perp:btcusdt,71094.1,71238.0,0.767,1.972,20.220315726388375,-0.4399415845198978,binance_booktickers,btcusdt,,,,
1762353930857000,2025-11-05T14:45:30.857000,perp:btcusdt,102914.9,103121.4,0.343,0.462,20.04501148584012,-0.1478260869565217,binance_booktickers,btcusdt,,,,
1772403189484000,2026-03-01T22:13:09.484000,perp:btcusdt,66057.3,66189.4,1.899,0.026,19.97781419120345,0.972987012987013,binance_booktickers,btcusdt,,,,
1769885018061000,2026-01-31T18:43:38.061000,perp:btcusdt,76082.8,76232.9,8.274,0.346,19.70906479108736,0.919721577726218,binance_booktickers,btcusdt,,,,
1769885020762000,2026-01-31T18:43:40.762000,perp:btcusdt,75928.5,76078.2,1.343,0.008,19.696500220055704,0.988156920799408,binance_booktickers,btcusdt,,,,
1772327462887000,2026-03-01T01:11:02.887000,perp:btcusdt,66335.2,66464.5,0.067,0.21,19.47293555633076,-0.5162454873646208,binance_booktickers,btcusdt,,,,
1772403185175000,2026-03-01T22:13:05.175000,perp:ethusdt,1945.67,1973.33,2.963,9.612,141.15845879050704,-0.5287475149105368,binance_booktickers,ethusdt,,,,
1769884996298000,2026-01-31T18:43:16.298000,perp:ethusdt,2251.48,2281.0,19.366,50.969,130.25981361197395,-0.4493211061349257,binance_booktickers,ethusdt,,,,
1770601844659000,2026-02-09T01:50:44.659000,perp:ethusdt,2055.7,2082.27,38.815,7.809,128.4204573740272,0.665022306108442,binance_booktickers,ethusdt,,,,
1771177506340000,2026-02-15T17:45:06.340000,perp:ethusdt,1949.61,1974.2,9.336,155.75,125.33736342993237,-0.8868953151690633,binance_booktickers,ethusdt,,,,
1765117519349000,2025-12-07T14:25:19.349000,perp:ethusdt,2914.0,2948.9,1720.535,11.775,119.05371062102404,0.9864054355167376,binance_booktickers,ethusdt,,,,
1769885042517000,2026-01-31T18:44:02.517000,perp:ethusdt,2238.78,2256.0,0.36,58.737,76.62221510285174,-0.987816640438601,binance_booktickers,ethusdt,,,,
1769884996350000,2026-01-31T18:43:16.350000,perp:ethusdt,2259.35,2274.25,21.52,23.462,65.73142756308492,-0.0431728246854297,binance_booktickers,ethusdt,,,,
1769885042361000,2026-01-31T18:44:02.361000,perp:ethusdt,2234.54,2249.27,8.381,1.07,65.70305164581023,0.7735689345042852,binance_booktickers,ethusdt,,,,
1770480799443000,2026-02-07T16:13:19.443000,perp:ethusdt,2057.0,2070.04,32.073,7.187,63.192990617973,0.6338767193071829,binance_booktickers,ethusdt,,,,
1769884997650000,2026-01-31T18:43:17.650000,perp:ethusdt,2269.41,2283.75,100.503,4.56,62.989220673115575,0.9131949401787498,binance_booktickers,ethusdt,,,,
1770480792891000,2026-02-07T16:13:12.891000,perp:ethusdt,2054.55,2067.51,14.089,59.664,62.88118076883905,-0.6179409651132836,binance_booktickers,ethusdt,,,,
1769884995570000,2026-01-31T18:43:15.570000,perp:ethusdt,2282.44,2296.09,27.597,68.972,59.62612454215694,-0.4284501237457154,binance_booktickers,ethusdt,,,,
1772403186683000,2026-03-01T22:13:06.683000,perp:ethusdt,1957.05,1968.75,5.761,162.884,59.60568546538308,-0.9316789706187554,binance_booktickers,ethusdt,,,,
1769884995102000,2026-01-31T18:43:15.102000,perp:ethusdt,2272.41,2285.74,218.061,12.611,58.488641225058096,0.8906585974890755,binance_booktickers,ethusdt,,,,
1769885042205000,2026-01-31T18:44:02.205000,perp:ethusdt,2234.03,2246.95,15.066,2.621,57.66595700047588,0.7036241307174761,binance_booktickers,ethusdt,,,,
1769884994218000,2026-01-31T18:43:14.218000,perp:ethusdt,2295.26,2308.44,454.763,7.72,57.25829224319497,0.9666149890914908,binance_booktickers,ethusdt,,,,
1769885034577000,2026-01-31T18:43:54.577000,perp:ethusdt,2240.55,2252.69,0.212,0.028,54.03673073327876,0.7666666666666667,binance_booktickers,ethusdt,,,,
1771177505612000,2026-02-15T17:45:05.612000,perp:ethusdt,1950.0,1960.56,1612.634,0.231,54.00761016325,0.9997135532112112,binance_booktickers,ethusdt,,,,
1765117496483000,2025-12-07T14:24:56.483000,perp:ethusdt,2950.0,2965.89,2900.474,0.99,53.71972771637024,0.9993175858807832,binance_booktickers,ethusdt,,,,
1769884996038000,2026-01-31T18:43:16.038000,perp:ethusdt,2283.66,2295.85,10.516,0.779,53.23713672423493,0.8620628596724215,binance_booktickers,ethusdt,,,,
1772403186891000,2026-03-01T22:13:06.891000,perp:ethusdt,1957.13,1967.55,0.002,41.466,53.09987056269476,-0.999903540079097,binance_booktickers,ethusdt,,,,
1772403186423000,2026-03-01T22:13:06.423000,perp:ethusdt,1958.69,1968.74,6.244,6.272,51.17850604593821,-0.0022371364653244,binance_booktickers,ethusdt,,,,
1770480836520000,2026-02-07T16:13:56.520000,perp:ethusdt,2035.13,2045.57,0.156,0.515,51.167691817579474,-0.5350223546944858,binance_booktickers,ethusdt,,,,
1768948410083000,2026-01-20T22:33:30.083000,perp:ethusdt,2916.0,2930.93,105.588,6.153,51.06953563664978,0.8898703251268557,binance_booktickers,ethusdt,,,,
1772639883973000,2026-03-04T15:58:03.973000,perp:ethusdt,2154.03,2165.0,0.01,423.439,50.79844316895135,-0.9999527688104116,binance_booktickers,ethusdt,,,,
1769879545518000,2026-01-31T17:12:25.518000,perp:ethusdt,2353.01,2364.66,76.335,7.981,49.38878726150679,0.8106883628255611,binance_booktickers,ethusdt,,,,
1770480343619000,2026-02-07T16:05:43.619000,perp:ethusdt,2099.99,2109.91,1.81,32.933,47.12701014275908,-0.8958063494804709,binance_booktickers,ethusdt,,,,
1765117524288000,2025-12-07T14:25:24.288000,perp:ethusdt,2910.0,2923.73,588.445,54.859,47.07108488051391,0.8294461094599132,binance_booktickers,ethusdt,,,,
1769885042465000,2026-01-31T18:44:02.465000,perp:ethusdt,2241.62,2251.96,1.371,17.238,46.021212485368665,-0.8526519426084154,binance_booktickers,ethusdt,,,,
1772611248159000,2026-03-04T08:00:48.159000,perp:ethusdt,2014.91,2024.14,79.412,364.384,45.7038164915018,-0.6421238587098576,binance_booktickers,ethusdt,,,,
1769885042414000,2026-01-31T18:44:02.414000,perp:ethusdt,2240.92,2250.97,3.163,22.596,44.74731126541268,-0.7544159322955083,binance_booktickers,ethusdt,,,,
1769884997598000,2026-01-31T18:43:17.598000,perp:ethusdt,2273.0,2283.15,17.486,0.445,44.555161704509686,0.9503652891640176,binance_booktickers,ethusdt,,,,
1769879516900000,2026-01-31T17:11:56.900000,perp:ethusdt,2385.23,2395.86,99.861,7.72,44.466847518035046,0.8564802334984802,binance_booktickers,ethusdt,,,,
1762240606995000,2025-11-04T07:16:46.995000,perp:ethusdt,3503.09,3518.53,11.924,3.627,43.978455114346986,0.5335348209118386,binance_booktickers,ethusdt,,,,
1769884997181000,2026-01-31T18:43:17.181000,perp:ethusdt,2284.94,2294.74,8.593,11.643,42.79775006113845,-0.1507214864597746,binance_booktickers,ethusdt,,,,
1768948412479000,2026-01-20T22:33:32.479000,perp:ethusdt,2913.09,2925.58,11.696,10.251,42.783716154534446,0.0658404337722695,binance_booktickers,ethusdt,,,,
1769885042257000,2026-01-31T18:44:02.257000,perp:ethusdt,2237.37,2246.95,6.192,1.985,42.72665643843404,0.5144918674330439,binance_booktickers,ethusdt,,,,
1772403186371000,2026-03-01T22:13:06.371000,perp:ethusdt,1959.65,1967.95,0.473,153.97,42.26499643548199,-0.9938747628574942,binance_booktickers,ethusdt,,,,
1774870011434000,2026-03-30T11:26:51.434000,perp:ethusdt,2076.5,2085.19,19.227,0.58,41.76188038993799,0.9414348462664716,binance_booktickers,ethusdt,,,,
1770480836832000,2026-02-07T16:13:56.832000,perp:ethusdt,2040.0,2048.4,33.913,443.717,41.091869680070886,-0.857994682076084,binance_booktickers,ethusdt,,,,
1769737385214000,2026-01-30T01:43:05.214000,perp:ethusdt,2682.51,2693.53,12.999,343.872,40.99671877441381,-0.9271501466916616,binance_booktickers,ethusdt,,,,
1774705217746000,2026-03-28T13:40:17.746000,perp:ethusdt,2038.45,2046.82,68.444,896.705,40.97648380645534,-0.8581690495457179,binance_booktickers,ethusdt,,,,
1769885041894000,2026-01-31T18:44:01.894000,perp:ethusdt,2229.8,2238.92,0.434,15.472,40.81705723339072,-0.9454293977115554,binance_booktickers,ethusdt,,,,
1773926233969000,2026-03-19T13:17:13.969000,perp:ethusdt,2117.74,2126.36,2.503,8.865,40.62109752362265,-0.5596410978184377,binance_booktickers,ethusdt,,,,
1769737384176000,2026-01-30T01:43:04.176000,perp:ethusdt,2679.12,2690.0,98.489,9.197,40.52805673927984,0.8291885667589102,binance_booktickers,ethusdt,,,,
1769885034785000,2026-01-31T18:43:54.785000,perp:ethusdt,2239.2,2248.27,8.931,1.859,40.423668570487,0.655421686746988,binance_booktickers,ethusdt,,,,
1770230425466000,2026-02-04T18:40:25.466000,perp:ethusdt,2163.59,2172.34,0.05,3.109,40.36043017299634,-0.9683444127888572,binance_booktickers,ethusdt,,,,
1771177505560000,2026-02-15T17:45:05.560000,perp:ethusdt,1956.6,1964.45,589.454,0.36,40.04029532905796,0.998779276178592,binance_booktickers,ethusdt,,,,
1772403186007000,2026-03-01T22:13:06.007000,perp:ethusdt,1965.8,1973.66,1.592,128.884,39.903946226133165,-0.9755970446672184,binance_booktickers,ethusdt,,,,
1769885034889000,2026-01-31T18:43:54.889000,perp:ethusdt,2243.19,2252.12,1.101,25.936,39.730296686990826,-0.9185560528165108,binance_booktickers,ethusdt,,,,
1763739464340000,2025-11-21T15:37:44.340000,perp:btcusdt,,,,,,,binance_liquidations,btcusdt,sell,82162.1,198.891,16341302.2311
1770448158567000,2026-02-07T07:09:18.567000,perp:btcusdt,,,,,,,binance_liquidations,btcusdt,sell,67511.04,223.0,15054961.919999998
1776433879371000,2026-04-17T13:51:19.371000,perp:btcusdt,,,,,,,binance_liquidations,btcusdt,buy,77883.84,161.726,12595841.90784
1767371522601000,2026-01-02T16:32:02.601000,perp:btcusdt,,,,,,,binance_liquidations,btcusdt,buy,90923.1,134.145,12196879.2495
1770324788585000,2026-02-05T20:53:08.585000,perp:btcusdt,,,,,,,binance_liquidations,btcusdt,sell,62357.3,191.73,11955765.129
1775592071511000,2026-04-07T20:01:11.511000,perp:btcusdt,,,,,,,binance_liquidations,btcusdt,buy,69756.1,170.492,11892857.0012
1771412848424000,2026-02-18T11:07:28.424000,perp:btcusdt,,,,,,,binance_liquidations,btcusdt,sell,66986.0,175.8,11776138.8
1762183588120000,2025-11-03T15:26:28.120000,perp:btcusdt,,,,,,,binance_liquidations,btcusdt,sell,105966.3,110.926,11754417.7938
1775495620373000,2026-04-06T17:13:40.373000,perp:btcusdt,,,,,,,binance_liquidations,btcusdt,sell,68745.3,170.94,11751321.582
1765816995135000,2025-12-15T16:43:15.135000,perp:btcusdt,,,,,,,binance_liquidations,btcusdt,sell,85300.0,134.633,11484194.9
1776435839537000,2026-04-17T14:23:59.537000,perp:btcusdt,,,,,,,binance_liquidations,btcusdt,buy,78227.5,141.635,11079751.9625
1770339235410000,2026-02-06T00:53:55.410000,perp:btcusdt,,,,,,,binance_liquidations,btcusdt,buy,64242.2,171.331,11006680.3682
1774264288663000,2026-03-23T11:11:28.663000,perp:btcusdt,,,,,,,binance_liquidations,btcusdt,buy,71750.6,147.282,10567571.869200002
1762963826383000,2025-11-12T16:10:26.383000,perp:btcusdt,,,,,,,binance_liquidations,btcusdt,sell,100846.1,100.55,10140075.355
1776621139276000,2026-04-19T17:52:19.276000,perp:btcusdt,,,,,,,binance_liquidations,btcusdt,sell,74067.2,129.005,9555039.136
1768342290951000,2026-01-13T22:11:30.951000,perp:btcusdt,,,,,,,binance_liquidations,btcusdt,sell,95048.33,94.66,8997274.9178
1776433883129000,2026-04-17T13:51:23.129000,perp:btcusdt,,,,,,,binance_liquidations,btcusdt,buy,77864.3,102.637,7991758.159100001
1777303114653000,2026-04-27T15:18:34.653000,perp:btcusdt,,,,,,,binance_liquidations,btcusdt,sell,76353.9,100.0,7635389.999999999
1776871843548000,2026-04-22T15:30:43.548000,perp:btcusdt,,,,,,,binance_liquidations,btcusdt,buy,79832.0,94.805,7568472.760000001
1772805628270000,2026-03-06T14:00:28.270000,perp:btcusdt,,,,,,,binance_liquidations,btcusdt,sell,68578.1,104.531,7168537.371100001
1768409290723000,2026-01-14T16:48:10.723000,perp:btcusdt,,,,,,,binance_liquidations,btcusdt,buy,98452.95,72.521,7139906.38695
1771811217063000,2026-02-23T01:46:57.063000,perp:btcusdt,,,,,,,binance_liquidations,btcusdt,sell,63754.9,98.26,6264556.474
1768930418404000,2026-01-20T17:33:38.404000,perp:btcusdt,,,,,,,binance_liquidations,btcusdt,sell,89326.11,69.652,6221742.21372
1762289293753000,2025-11-04T20:48:13.753000,perp:btcusdt,,,,,,,binance_liquidations,btcusdt,sell,100050.32,60.0,6003019.2
1776636039174000,2026-04-19T22:00:39.174000,perp:btcusdt,,,,,,,binance_liquidations,btcusdt,sell,73554.9,79.795,5869313.245499999
1764319858453000,2025-11-28T08:50:58.453000,perp:btcusdt,,,,,,,binance_liquidations,btcusdt,buy,92001.7,63.784,5868236.4328
1764950864443000,2025-12-05T16:07:44.443000,perp:btcusdt,,,,,,,binance_liquidations,btcusdt,sell,88864.3,63.124,5609470.0732
1765811025123000,2025-12-15T15:03:45.123000,perp:btcusdt,,,,,,,binance_liquidations,btcusdt,sell,86812.8,60.23,5228734.944
1772039459341000,2026-02-25T17:10:59.341000,perp:btcusdt,,,,,,,binance_liquidations,btcusdt,buy,69002.8,72.172,4980070.0816
1776775460472000,2026-04-21T12:44:20.472000,perp:btcusdt,,,,,,,binance_liquidations,btcusdt,sell,75180.3,65.222,4903409.5266
1776176627351000,2026-04-14T14:23:47.351000,perp:btcusdt,,,,,,,binance_liquidations,btcusdt,buy,76255.3,63.85,4868900.905
1776433881392000,2026-04-17T13:51:21.392000,perp:btcusdt,,,,,,,binance_liquidations,btcusdt,buy,77760.7,62.259,4841303.4213
1769885013623000,2026-01-31T18:43:33.623000,perp:btcusdt,,,,,,,binance_liquidations,btcusdt,sell,75252.7,64.142,4826858.6834
1768342279195000,2026-01-13T22:11:19.195000,perp:btcusdt,,,,,,,binance_liquidations,btcusdt,buy,97722.1,49.365,4824051.4665
1777054647854000,2026-04-24T18:17:27.854000,perp:btcusdt,,,,,,,binance_liquidations,btcusdt,sell,76774.4,61.417,4715253.3248
1776436903596000,2026-04-17T14:41:43.596000,perp:btcusdt,,,,,,,binance_liquidations,btcusdt,buy,78455.9,60.0,4707354.0
1770324780389000,2026-02-05T20:53:00.389000,perp:btcusdt,,,,,,,binance_liquidations,btcusdt,sell,62283.8,75.0,4671285.0
1772031125907000,2026-02-25T14:52:05.907000,perp:btcusdt,,,,,,,binance_liquidations,btcusdt,buy,67319.5,69.339,4667866.8105
1764017355292000,2025-11-24T20:49:15.292000,perp:btcusdt,,,,,,,binance_liquidations,btcusdt,buy,89634.7,47.265,4236584.0955
1766973790502000,2025-12-29T02:03:10.502000,perp:btcusdt,,,,,,,binance_liquidations,btcusdt,buy,89494.8,43.456,3889086.0288
1776433793517000,2026-04-17T13:49:53.517000,perp:btcusdt,,,,,,,binance_liquidations,btcusdt,buy,77506.3,50.0,3875315.0
1777268285939000,2026-04-27T05:38:05.939000,perp:btcusdt,,,,,,,binance_liquidations,btcusdt,sell,77008.6,50.0,3850430.000000001
1775934344347000,2026-04-11T19:05:44.347000,perp:btcusdt,,,,,,,binance_liquidations,btcusdt,buy,74168.9,51.414,3813319.8246
1776353846271000,2026-04-16T15:37:26.271000,perp:btcusdt,,,,,,,binance_liquidations,btcusdt,buy,75219.8,49.911,3754295.4378
1776815183703000,2026-04-21T23:46:23.703000,perp:btcusdt,,,,,,,binance_liquidations,btcusdt,buy,76797.8,47.452,3644209.2056
1775957742428000,2026-04-12T01:35:42.428000,perp:btcusdt,,,,,,,binance_liquidations,btcusdt,sell,71771.3,50.232,3605215.9416
1770336891426000,2026-02-06T00:14:51.426000,perp:btcusdt,,,,,,,binance_liquidations,btcusdt,sell,59169.0,60.614,3586469.766
1771344343484000,2026-02-17T16:05:43.484000,perp:btcusdt,,,,,,,binance_liquidations,btcusdt,buy,68319.0,51.538,3521024.622
1769711464844000,2026-01-29T18:31:04.844000,perp:btcusdt,,,,,,,binance_liquidations,btcusdt,sell,83044.42,41.69,3462121.8697999995
1776418101216000,2026-04-17T09:28:21.216000,perp:btcusdt,,,,,,,binance_liquidations,btcusdt,buy,76582.9,42.956,3289695.0524
1769885031269000,2026-01-31T18:43:51.269000,perp:ethusdt,,,,,,,binance_liquidations,ethusdt,sell,2221.73,6968.699,15482567.62927
1769365971121000,2026-01-25T18:32:51.121000,perp:ethusdt,,,,,,,binance_liquidations,ethusdt,sell,2793.54,5361.753,14978271.47562
1768342290956000,2026-01-13T22:11:30.956000,perp:ethusdt,,,,,,,binance_liquidations,ethusdt,sell,3314.4,3863.984,12806788.5696
1768948470567000,2026-01-20T22:34:30.567000,perp:ethusdt,,,,,,,binance_liquidations,ethusdt,sell,2886.24,4432.928,12794494.11072
1776436903599000,2026-04-17T14:41:43.599000,perp:ethusdt,,,,,,,binance_liquidations,ethusdt,buy,2472.91,4888.0,12087584.08
1777251320601000,2026-04-27T00:55:20.601000,perp:ethusdt,,,,,,,binance_liquidations,ethusdt,buy,2404.96,5025.46,12086030.2816
1769373269809000,2026-01-25T20:34:29.809000,perp:ethusdt,,,,,,,binance_liquidations,ethusdt,sell,2765.91,4352.853,12039599.64123
1774438290554000,2026-03-25T11:31:30.554000,perp:ethusdt,,,,,,,binance_liquidations,ethusdt,buy,2215.69,5416.997,12002386.08293
1768997882744000,2026-01-21T12:18:02.744000,perp:ethusdt,,,,,,,binance_liquidations,ethusdt,sell,2883.28,4103.325,11831034.906
1774968697778000,2026-03-31T14:51:37.778000,perp:ethusdt,,,,,,,binance_liquidations,ethusdt,sell,2027.95,5748.834,11658347.9103
1768342181496000,2026-01-13T22:09:41.496000,perp:ethusdt,,,,,,,binance_liquidations,ethusdt,buy,3294.55,3390.279,11169443.67945
1768948631222000,2026-01-20T22:37:11.222000,perp:ethusdt,,,,,,,binance_liquidations,ethusdt,sell,2913.52,3567.706,10394582.78512
1776965975359000,2026-04-23T17:39:35.359000,perp:ethusdt,,,,,,,binance_liquidations,ethusdt,sell,2278.28,4500.0,10252260.0
1775369840431000,2026-04-05T06:17:20.431000,perp:ethusdt,,,,,,,binance_liquidations,ethusdt,sell,2010.54,5018.248,10089388.333919998
1776177153738000,2026-04-14T14:32:33.738000,perp:ethusdt,,,,,,,binance_liquidations,ethusdt,buy,2431.06,4132.874,10047264.66644
1767082027072000,2025-12-30T08:07:07.072000,perp:ethusdt,,,,,,,binance_liquidations,ethusdt,buy,3003.17,3025.795,9086976.77015
1762963826389000,2025-11-12T16:10:26.389000,perp:ethusdt,,,,,,,binance_liquidations,ethusdt,sell,3377.45,2500.072,8443868.1764
1769370836011000,2026-01-25T19:53:56.011000,perp:ethusdt,,,,,,,binance_liquidations,ethusdt,sell,2751.7,2573.31,7080977.126999999
1768342139560000,2026-01-13T22:08:59.560000,perp:ethusdt,,,,,,,binance_liquidations,ethusdt,buy,3284.15,2113.487,6941008.33105
1776368476363000,2026-04-16T19:41:16.363000,perp:ethusdt,,,,,,,binance_liquidations,ethusdt,buy,2375.65,2900.0,6889385.0
1768948490832000,2026-01-20T22:34:50.832000,perp:ethusdt,,,,,,,binance_liquidations,ethusdt,sell,2882.58,2270.282,6544269.48756
1776612975506000,2026-04-19T15:36:15.506000,perp:ethusdt,,,,,,,binance_liquidations,ethusdt,sell,2296.32,2777.922,6378997.84704
1769869397656000,2026-01-31T14:23:17.656000,perp:ethusdt,,,,,,,binance_liquidations,ethusdt,sell,2543.15,2430.191,6180340.241649999
1770144409704000,2026-02-03T18:46:49.704000,perp:ethusdt,,,,,,,binance_liquidations,ethusdt,sell,2077.71,2887.106,5998569.00726
1776669826151000,2026-04-20T07:23:46.151000,perp:ethusdt,,,,,,,binance_liquidations,ethusdt,buy,2339.52,2483.413,5809994.38176
1769796961069000,2026-01-30T18:16:01.069000,perp:ethusdt,,,,,,,binance_liquidations,ethusdt,sell,2642.33,1912.592,5053699.21936
1774427446830000,2026-03-25T08:30:46.830000,perp:ethusdt,,,,,,,binance_liquidations,ethusdt,buy,2199.17,2007.633,4415126.26461
1770025024326000,2026-02-02T09:37:04.326000,perp:ethusdt,,,,,,,binance_liquidations,ethusdt,buy,2311.5,1896.238,4383154.137
1773846031145000,2026-03-18T15:00:31.145000,perp:ethusdt,,,,,,,binance_liquidations,ethusdt,sell,2167.4,2018.72,4375373.728
1764435900267000,2025-11-29T17:05:00.267000,perp:ethusdt,,,,,,,binance_liquidations,ethusdt,sell,2979.66,1460.0,4350303.6
1765157529119000,2025-12-08T01:32:09.119000,perp:ethusdt,,,,,,,binance_liquidations,ethusdt,buy,3139.55,1318.257,4138733.76435
1764340031713000,2025-11-28T14:27:11.713000,perp:ethusdt,,,,,,,binance_liquidations,ethusdt,buy,3114.3,1326.679,4131676.4097000007
1765419542710000,2025-12-11T02:19:02.710000,perp:ethusdt,,,,,,,binance_liquidations,ethusdt,sell,3151.87,1244.667,3923028.57729
1769545186114000,2026-01-27T20:19:46.114000,perp:ethusdt,,,,,,,binance_liquidations,ethusdt,buy,3051.79,1267.559,3868323.88061
1769956672270000,2026-02-01T14:37:52.270000,perp:ethusdt,,,,,,,binance_liquidations,ethusdt,sell,2289.34,1650.008,3777429.31472
1777267333359000,2026-04-27T05:22:13.359000,perp:ethusdt,,,,,,,binance_liquidations,ethusdt,sell,2319.2,1600.0,3710720.0
1769956651705000,2026-02-01T14:37:31.705000,perp:ethusdt,,,,,,,binance_liquidations,ethusdt,sell,2291.38,1588.711,3640340.61118
1765816964274000,2025-12-15T16:42:44.274000,perp:ethusdt,,,,,,,binance_liquidations,ethusdt,sell,2949.39,1214.652,3582482.46228
1772539925321000,2026-03-03T12:12:05.321000,perp:ethusdt,,,,,,,binance_liquidations,ethusdt,buy,1991.62,1750.0,3485335.0
1776636067541000,2026-04-19T22:01:07.541000,perp:ethusdt,,,,,,,binance_liquidations,ethusdt,sell,2239.26,1500.0,3358890.0000000005
1776824339796000,2026-04-22T02:18:59.796000,perp:ethusdt,,,,,,,binance_liquidations,ethusdt,buy,2366.49,1400.971,3315383.8617899995
1767548981610000,2026-01-04T17:49:41.610000,perp:ethusdt,,,,,,,binance_liquidations,ethusdt,buy,3158.1,1043.482,3295420.5042
1776431666814000,2026-04-17T13:14:26.814000,perp:ethusdt,,,,,,,binance_liquidations,ethusdt,buy,2419.42,1307.188,3162636.7909600004
1766362460758000,2025-12-22T00:14:20.758000,perp:ethusdt,,,,,,,binance_liquidations,ethusdt,buy,3059.91,1009.189,3088027.51299
1776837139202000,2026-04-22T05:52:19.202000,perp:ethusdt,,,,,,,binance_liquidations,ethusdt,buy,2425.37,1268.358,3076237.44246
1776669687479000,2026-04-20T07:21:27.479000,perp:ethusdt,,,,,,,binance_liquidations,ethusdt,buy,2316.47,1323.285,3065350.00395
1768179614506000,2026-01-12T01:00:14.506000,perp:ethusdt,,,,,,,binance_liquidations,ethusdt,buy,3145.54,969.137,3048459.19898
1763744851536000,2025-11-21T17:07:31.536000,perp:ethusdt,,,,,,,binance_liquidations,ethusdt,buy,2801.31,1084.99,3039393.3369
1777241730228000,2026-04-26T22:15:30.228000,perp:ethusdt,,,,,,,binance_liquidations,ethusdt,buy,2390.24,1268.473,3031954.90352
1776177055360000,2026-04-14T14:30:55.360000,perp:ethusdt,,,,,,,binance_liquidations,ethusdt,buy,2413.64,1252.633,3023405.11412
1763075756833000,2025-11-13T23:15:56.833000,perp:btcusdt,,,,,,,binance_trades,btcusdt,buy,100100.0,766.703,76746970.3
1762167558288000,2025-11-03T10:59:18.288000,perp:btcusdt,,,,,,,binance_trades,btcusdt,sell,106822.0,598.314,63913098.108
1767577029299000,2026-01-05T01:37:09.299000,perp:btcusdt,,,,,,,binance_trades,btcusdt,buy,93000.0,582.317,54155481.0
1770265301011000,2026-02-05T04:21:41.011000,perp:btcusdt,,,,,,,binance_trades,btcusdt,buy,71200.0,718.272,51140966.400000006
1763270184765000,2025-11-16T05:16:24.765000,perp:btcusdt,,,,,,,binance_trades,btcusdt,buy,96000.0,525.473,50445407.99999999
1771666217556000,2026-02-21T09:30:17.556000,perp:btcusdt,,,,,,,binance_trades,btcusdt,buy,68250.0,724.359,49437501.75
1769704427859000,2026-01-29T16:33:47.859000,perp:btcusdt,,,,,,,binance_trades,btcusdt,sell,84500.0,561.699,47463565.49999999
1765488594217000,2025-12-11T21:29:54.217000,perp:btcusdt,,,,,,,binance_trades,btcusdt,buy,93100.0,500.667,46612097.7
1776433508146000,2026-04-17T13:45:08.146000,perp:btcusdt,,,,,,,binance_trades,btcusdt,sell,76791.1,601.951,46224479.436100006
1765488599230000,2025-12-11T21:29:59.230000,perp:btcusdt,,,,,,,binance_trades,btcusdt,buy,93150.0,467.388,43537192.2
1774264470209000,2026-03-23T11:14:30.209000,perp:btcusdt,,,,,,,binance_trades,btcusdt,sell,71000.0,602.467,42775157.0
1773744273488000,2026-03-17T10:44:33.488000,perp:btcusdt,,,,,,,binance_trades,btcusdt,buy,73677.5,579.541,42699132.0275
1777269933718000,2026-04-27T06:05:33.718000,perp:btcusdt,,,,,,,binance_trades,btcusdt,sell,77686.5,530.23,41191712.895
1766760536300000,2025-12-26T14:48:56.300000,perp:btcusdt,,,,,,,binance_trades,btcusdt,sell,88000.0,459.899,40471112.0
1769704479533000,2026-01-29T16:34:39.533000,perp:btcusdt,,,,,,,binance_trades,btcusdt,sell,84371.8,470.813,39723340.2734
1774977088682000,2026-03-31T17:11:28.682000,perp:btcusdt,,,,,,,binance_trades,btcusdt,buy,67985.6,555.564,37770351.8784
1770325247200000,2026-02-05T21:00:47.200000,perp:btcusdt,,,,,,,binance_trades,btcusdt,buy,64157.2,579.767,37196227.3724
1763742158545000,2025-11-21T16:22:38.545000,perp:btcusdt,,,,,,,binance_trades,btcusdt,sell,83150.0,446.122,37095044.3
1767875003122000,2026-01-08T12:23:23.122000,perp:btcusdt,,,,,,,binance_trades,btcusdt,buy,89950.0,410.681,36940755.95
1767873110235000,2026-01-08T11:51:50.235000,perp:btcusdt,,,,,,,binance_trades,btcusdt,buy,90200.0,406.597,36675049.4
1767873002471000,2026-01-08T11:50:02.471000,perp:btcusdt,,,,,,,binance_trades,btcusdt,buy,90100.0,403.452,36351025.2
1767775547939000,2026-01-07T08:45:47.939000,perp:btcusdt,,,,,,,binance_trades,btcusdt,sell,92735.5,390.109,36176953.1695
1767874789602000,2026-01-08T12:19:49.602000,perp:btcusdt,,,,,,,binance_trades,btcusdt,buy,89850.0,402.002,36119879.7
1767875020676000,2026-01-08T12:23:40.676000,perp:btcusdt,,,,,,,binance_trades,btcusdt,buy,89990.0,400.269,36020207.31
1776835292811000,2026-04-22T05:21:32.811000,perp:btcusdt,,,,,,,binance_trades,btcusdt,buy,78012.9,458.97,35805580.713
1765999743573000,2025-12-17T19:29:03.573000,perp:btcusdt,,,,,,,binance_trades,btcusdt,buy,85700.0,417.288,35761581.6
1767873028287000,2026-01-08T11:50:28.287000,perp:btcusdt,,,,,,,binance_trades,btcusdt,buy,90150.0,391.588,35301658.2
1762319644158000,2025-11-05T05:14:04.158000,perp:btcusdt,,,,,,,binance_trades,btcusdt,buy,102200.0,345.233,35282812.6
1770335900055000,2026-02-05T23:58:20.055000,perp:btcusdt,,,,,,,binance_trades,btcusdt,sell,62800.0,559.658,35146522.4
1763747118849000,2025-11-21T17:45:18.849000,perp:btcusdt,,,,,,,binance_trades,btcusdt,buy,85200.0,410.924,35010724.8
1767874906349000,2026-01-08T12:21:46.349000,perp:btcusdt,,,,,,,binance_trades,btcusdt,buy,89900.0,387.947,34876435.3
1777269933718000,2026-04-27T06:05:33.718000,perp:btcusdt,,,,,,,binance_trades,btcusdt,sell,77686.5,448.007,34804095.8055
1770294364191000,2026-02-05T12:26:04.191000,perp:btcusdt,,,,,,,binance_trades,btcusdt,buy,69216.0,502.796,34801527.936
1770304713551000,2026-02-05T15:18:33.551000,perp:btcusdt,,,,,,,binance_trades,btcusdt,sell,68535.1,505.447,34640860.6897
1767874854690000,2026-01-08T12:20:54.690000,perp:btcusdt,,,,,,,binance_trades,btcusdt,buy,89900.0,385.238,34632896.2
1767874954023000,2026-01-08T12:22:34.023000,perp:btcusdt,,,,,,,binance_trades,btcusdt,buy,89950.0,384.269,34564996.55
1767875040336000,2026-01-08T12:24:00.336000,perp:btcusdt,,,,,,,binance_trades,btcusdt,buy,89990.0,377.361,33958716.39
1772290587119000,2026-02-28T14:56:27.119000,perp:btcusdt,,,,,,,binance_trades,btcusdt,sell,64360.0,525.399,33814679.64
1775321941510000,2026-04-04T16:59:01.510000,perp:btcusdt,,,,,,,binance_trades,btcusdt,sell,67419.6,492.009,33171049.976400003
1776178434737000,2026-04-14T14:53:54.737000,perp:btcusdt,,,,,,,binance_trades,btcusdt,buy,75101.5,439.405,32999974.6075
1776118680337000,2026-04-13T22:18:00.337000,perp:btcusdt,,,,,,,binance_trades,btcusdt,sell,74100.0,436.523,32346354.3
1769523449546000,2026-01-27T14:17:29.546000,perp:btcusdt,,,,,,,binance_trades,btcusdt,buy,88400.0,350.0,30940000.0
1767874762344000,2026-01-08T12:19:22.344000,perp:btcusdt,,,,,,,binance_trades,btcusdt,buy,89820.0,343.268,30832331.76
1769442070930000,2026-01-26T15:41:10.930000,perp:btcusdt,,,,,,,binance_trades,btcusdt,buy,87700.0,350.179,30710698.3
1774895562176000,2026-03-30T18:32:42.176000,perp:btcusdt,,,,,,,binance_trades,btcusdt,buy,66600.0,457.986,30501867.6
1768500735665000,2026-01-15T18:12:15.665000,perp:btcusdt,,,,,,,binance_trades,btcusdt,buy,96200.0,316.802,30476352.4
1765258264685000,2025-12-09T05:31:04.685000,perp:btcusdt,,,,,,,binance_trades,btcusdt,sell,90000.0,336.716,30304440.0
1762183618368000,2025-11-03T15:26:58.368000,perp:btcusdt,,,,,,,binance_trades,btcusdt,buy,106300.0,281.779,29953107.7
1764593316196000,2025-12-01T12:48:36.196000,perp:btcusdt,,,,,,,binance_trades,btcusdt,buy,84999.0,351.407,29869243.593
1773909420527000,2026-03-19T08:37:00.527000,perp:btcusdt,,,,,,,binance_trades,btcusdt,sell,70029.3,421.533,29519660.9169
1767783052751000,2026-01-07T10:50:52.751000,perp:ethusdt,,,,,,,binance_trades,ethusdt,buy,3214.0,8685.14,27914039.96
1762168576199000,2025-11-03T11:16:16.199000,perp:ethusdt,,,,,,,binance_trades,ethusdt,sell,3720.0,7269.018,27040746.96
1768918351045000,2026-01-20T14:12:31.045000,perp:ethusdt,,,,,,,binance_trades,ethusdt,sell,3083.5,8622.759,26588277.3765
1763330940428000,2025-11-16T22:09:00.428000,perp:ethusdt,,,,,,,binance_trades,ethusdt,sell,3050.0,8634.597,26335520.85
1763738236418000,2025-11-21T15:17:16.418000,perp:ethusdt,,,,,,,binance_trades,ethusdt,buy,2736.0,9458.191,25877610.576
1763740795154000,2025-11-21T15:59:55.154000,perp:ethusdt,,,,,,,binance_trades,ethusdt,buy,2703.0,9543.497,25796072.391
1767869845653000,2026-01-08T10:57:25.653000,perp:ethusdt,,,,,,,binance_trades,ethusdt,buy,3129.0,8242.402,25790475.858
1767800965085000,2026-01-07T15:49:25.085000,perp:ethusdt,,,,,,,binance_trades,ethusdt,buy,3167.0,8074.373,25571539.291
1765555121681000,2025-12-12T15:58:41.681000,perp:ethusdt,,,,,,,binance_trades,ethusdt,buy,3060.0,8259.689,25274648.34
1762870054330000,2025-11-11T14:07:34.330000,perp:ethusdt,,,,,,,binance_trades,ethusdt,sell,3530.0,7073.106,24968064.18
1763740713269000,2025-11-21T15:58:33.269000,perp:ethusdt,,,,,,,binance_trades,ethusdt,buy,2696.0,9213.189,24838757.544
1763313439033000,2025-11-16T17:17:19.033000,perp:ethusdt,,,,,,,binance_trades,ethusdt,sell,3055.0,8059.278,24621094.29
1769447718522000,2026-01-26T17:15:18.522000,perp:ethusdt,,,,,,,binance_trades,ethusdt,buy,2902.41,8457.422,24546906.18702
1763740728992000,2025-11-21T15:58:48.992000,perp:ethusdt,,,,,,,binance_trades,ethusdt,buy,2700.0,9059.824,24461524.8
1763740758604000,2025-11-21T15:59:18.604000,perp:ethusdt,,,,,,,binance_trades,ethusdt,buy,2703.0,9036.041,24424418.823
1767869829452000,2026-01-08T10:57:09.452000,perp:ethusdt,,,,,,,binance_trades,ethusdt,buy,3129.0,7793.282,24385179.378
1768899660068000,2026-01-20T09:01:00.068000,perp:ethusdt,,,,,,,binance_trades,ethusdt,buy,3107.0,7804.675,24249125.225
1767869697918000,2026-01-08T10:54:57.918000,perp:ethusdt,,,,,,,binance_trades,ethusdt,buy,3123.0,7702.955,24056328.465
1767869735663000,2026-01-08T10:55:35.663000,perp:ethusdt,,,,,,,binance_trades,ethusdt,buy,3128.0,7633.696,23878201.088
1767869809487000,2026-01-08T10:56:49.487000,perp:ethusdt,,,,,,,binance_trades,ethusdt,buy,3128.0,7559.002,23644558.256
1767869866898000,2026-01-08T10:57:46.898000,perp:ethusdt,,,,,,,binance_trades,ethusdt,buy,3130.0,7529.136,23566195.68
1767800857067000,2026-01-07T15:47:37.067000,perp:ethusdt,,,,,,,binance_trades,ethusdt,buy,3164.0,7291.687,23070897.668
1767800883351000,2026-01-07T15:48:03.351000,perp:ethusdt,,,,,,,binance_trades,ethusdt,buy,3165.0,7234.994,22898756.01
1767800917502000,2026-01-07T15:48:37.502000,perp:ethusdt,,,,,,,binance_trades,ethusdt,buy,3165.0,7223.831,22863425.115
1763740561563000,2025-11-21T15:56:01.563000,perp:ethusdt,,,,,,,binance_trades,ethusdt,buy,2705.0,8449.717,22856484.485000003
1767869718250000,2026-01-08T10:55:18.250000,perp:ethusdt,,,,,,,binance_trades,ethusdt,buy,3126.0,7283.365,22767798.99
1762698611954000,2025-11-09T14:30:11.954000,perp:ethusdt,,,,,,,binance_trades,ethusdt,sell,3550.0,6396.193,22706485.15
1763740593696000,2025-11-21T15:56:33.696000,perp:ethusdt,,,,,,,binance_trades,ethusdt,buy,2705.0,8393.263,22703776.415000003
1767594612436000,2026-01-05T06:30:12.436000,perp:ethusdt,,,,,,,binance_trades,ethusdt,sell,3140.0,7219.315,22668649.1
1763740324575000,2025-11-21T15:52:04.575000,perp:ethusdt,,,,,,,binance_trades,ethusdt,buy,2704.0,8269.789,22361509.456
1763740170919000,2025-11-21T15:49:30.919000,perp:ethusdt,,,,,,,binance_trades,ethusdt,buy,2712.0,8163.497,22139403.864
1769737321722000,2026-01-30T01:42:01.722000,perp:ethusdt,,,,,,,binance_trades,ethusdt,buy,2745.0,8023.559,22024669.455
1764593412509000,2025-12-01T12:50:12.509000,perp:ethusdt,,,,,,,binance_trades,ethusdt,buy,2807.0,7827.076,21970602.332
1763740138978000,2025-11-21T15:48:58.978000,perp:ethusdt,,,,,,,binance_trades,ethusdt,buy,2708.0,8092.439,21914324.812
1776836797572000,2026-04-22T05:46:37.572000,perp:ethusdt,,,,,,,binance_trades,ethusdt,buy,2400.0,9072.328,21773587.2
1768899534500000,2026-01-20T08:58:54.500000,perp:ethusdt,,,,,,,binance_trades,ethusdt,buy,3106.0,7003.147,21751774.582
1769465027872000,2026-01-26T22:03:47.872000,perp:ethusdt,,,,,,,binance_trades,ethusdt,buy,2930.0,7400.789,21684311.77
1768899513078000,2026-01-20T08:58:33.078000,perp:ethusdt,,,,,,,binance_trades,ethusdt,buy,3101.0,6831.884,21185672.284
1766553901679000,2025-12-24T05:25:01.679000,perp:ethusdt,,,,,,,binance_trades,ethusdt,buy,2938.0,7139.581,20976088.978
1763737439623000,2025-11-21T15:03:59.623000,perp:ethusdt,,,,,,,binance_trades,ethusdt,buy,2749.0,7486.86,20581378.14
1763738032294000,2025-11-21T15:13:52.294000,perp:ethusdt,,,,,,,binance_trades,ethusdt,buy,2738.0,7476.55,20470793.9
1763737680067000,2025-11-21T15:08:00.067000,perp:ethusdt,,,,,,,binance_trades,ethusdt,buy,2756.0,7408.16,20416888.96
1767893163662000,2026-01-08T17:26:03.662000,perp:ethusdt,,,,,,,binance_trades,ethusdt,buy,3115.0,6494.74,20231115.1
1773632871561000,2026-03-16T03:47:51.561000,perp:ethusdt,,,,,,,binance_trades,ethusdt,sell,2235.0,9039.613,20203535.055
1765128233768000,2025-12-07T17:23:53.768000,perp:ethusdt,,,,,,,binance_trades,ethusdt,buy,3081.0,6542.271,20156736.951
1766078497000000,2025-12-18T17:21:37.000000,perp:ethusdt,,,,,,,binance_trades,ethusdt,buy,2815.0,7104.795,19999997.925
1767779715273000,2026-01-07T09:55:15.273000,perp:ethusdt,,,,,,,binance_trades,ethusdt,buy,3200.63,6248.769,19999997.52447
1773719227362000,2026-03-17T03:47:07.362000,perp:ethusdt,,,,,,,binance_trades,ethusdt,sell,2310.0,8656.662,19996889.22
1769465053340000,2026-01-26T22:04:13.340000,perp:ethusdt,,,,,,,binance_trades,ethusdt,buy,2936.0,6746.042,19806379.312000003
1763995452180000,2025-11-24T14:44:12.180000,perp:ethusdt,,,,,,,binance_trades,ethusdt,buy,2805.0,7000.0,19635000.0
1763727814109000,2025-11-21T12:23:34.109000,btcusdt,,,,,,,bybit_liquidations,btcusdt,sell,80476.6,42.895,3452043.7570000007
1768342240142000,2026-01-13T22:10:40.142000,btcusdt,,,,,,,bybit_liquidations,btcusdt,buy,96448.1,35.659,3439242.7979
1763441246669000,2025-11-18T04:47:26.669000,btcusdt,,,,,,,bybit_liquidations,btcusdt,sell,89078.6,37.722,3360222.9492
1772043803857000,2026-02-25T18:23:23.857000,btcusdt,,,,,,,bybit_liquidations,btcusdt,buy,69378.7,46.379,3217714.7273
1767485139866000,2026-01-04T00:05:39.866000,btcusdt,,,,,,,bybit_liquidations,btcusdt,buy,91926.1,35.003,3217689.2783000004
1770322956182000,2026-02-05T20:22:36.182000,btcusdt,,,,,,,bybit_liquidations,btcusdt,sell,63514.8,50.105,3182409.054
1774607917759000,2026-03-27T10:38:37.759000,btcusdt,,,,,,,bybit_liquidations,btcusdt,sell,66912.0,47.558,3182200.896
1763094896686000,2025-11-14T04:34:56.686000,btcusdt,,,,,,,bybit_liquidations,btcusdt,sell,97353.2,28.971,2820419.5572
1768342229596000,2026-01-13T22:10:29.596000,btcusdt,,,,,,,bybit_liquidations,btcusdt,buy,95867.5,28.902,2770762.485
1763102844969000,2025-11-14T06:47:24.969000,btcusdt,,,,,,,bybit_liquidations,btcusdt,sell,95891.7,28.036,2688419.7012
1762729324326000,2025-11-09T23:02:04.326000,btcusdt,,,,,,,bybit_liquidations,btcusdt,buy,105900.1,24.682,2613826.2682
1776120887585000,2026-04-13T22:54:47.585000,btcusdt,,,,,,,bybit_liquidations,btcusdt,buy,75026.2,34.837,2613687.7294
1773110148593000,2026-03-10T02:35:48.593000,btcusdt,,,,,,,bybit_liquidations,btcusdt,buy,70390.6,37.129,2613532.5874
1768402312144000,2026-01-14T14:51:52.144000,btcusdt,,,,,,,bybit_liquidations,btcusdt,buy,97098.1,26.915,2613395.3615
1769847448074000,2026-01-31T08:17:28.074000,btcusdt,,,,,,,bybit_liquidations,btcusdt,sell,82630.4,31.542,2606328.0768
1770633144415000,2026-02-09T10:32:24.415000,btcusdt,,,,,,,bybit_liquidations,btcusdt,sell,68402.3,38.069,2604007.1587000005
1772636403136000,2026-03-04T15:00:03.136000,btcusdt,,,,,,,bybit_liquidations,btcusdt,buy,72137.6,35.91,2590461.216
1777303344621000,2026-04-27T15:22:24.621000,btcusdt,,,,,,,bybit_liquidations,btcusdt,sell,76179.2,33.954,2586588.5568
1774824082194000,2026-03-29T22:41:22.194000,btcusdt,,,,,,,bybit_liquidations,btcusdt,sell,65815.2,39.298,2586405.7296
1770322954814000,2026-02-05T20:22:34.814000,btcusdt,,,,,,,bybit_liquidations,btcusdt,sell,63585.5,40.674,2586276.627
1775958207968000,2026-04-12T01:43:27.968000,btcusdt,,,,,,,bybit_liquidations,btcusdt,sell,71305.0,36.27,2586232.35
1768931183783000,2026-01-20T17:46:23.783000,btcusdt,,,,,,,bybit_liquidations,btcusdt,sell,89023.2,29.051,2586212.9832
1770315637078000,2026-02-05T18:20:37.078000,btcusdt,,,,,,,bybit_liquidations,btcusdt,sell,65378.7,39.556,2586119.8571999995
1765997284303000,2025-12-17T18:48:04.303000,btcusdt,,,,,,,bybit_liquidations,btcusdt,sell,85307.7,30.315,2586102.9255
1769023681596000,2026-01-21T19:28:01.596000,btcusdt,,,,,,,bybit_liquidations,btcusdt,buy,89512.8,28.813,2579132.3064
1772038881267000,2026-02-25T17:01:21.267000,btcusdt,,,,,,,bybit_liquidations,btcusdt,buy,68651.9,37.282,2559480.1358
1770989405770000,2026-02-13T13:30:05.770000,btcusdt,,,,,,,bybit_liquidations,btcusdt,buy,67802.9,36.0,2440904.4
1770144397925000,2026-02-03T18:46:37.925000,btcusdt,,,,,,,bybit_liquidations,btcusdt,sell,73076.0,31.652,2313001.552
1764211327889000,2025-11-27T02:42:07.889000,btcusdt,,,,,,,bybit_liquidations,btcusdt,buy,92081.0,24.674,2272006.594
1770336858030000,2026-02-06T00:14:18.030000,btcusdt,,,,,,,bybit_liquidations,btcusdt,sell,59875.7,37.882,2268211.2674
1775601151967000,2026-04-07T22:32:31.967000,btcusdt,,,,,,,bybit_liquidations,btcusdt,buy,71119.1,31.865,2266210.1215
1770359114189000,2026-02-06T06:25:14.189000,btcusdt,,,,,,,bybit_liquidations,btcusdt,sell,65307.6,33.309,2175330.8484
1771511660419000,2026-02-19T14:34:20.419000,btcusdt,,,,,,,bybit_liquidations,btcusdt,sell,65320.6,33.166,2166423.0196
1773844128742000,2026-03-18T14:28:48.742000,btcusdt,,,,,,,bybit_liquidations,btcusdt,sell,71297.1,30.137,2148680.7027000003
1767573929545000,2026-01-05T00:45:29.545000,btcusdt,,,,,,,bybit_liquidations,btcusdt,buy,92540.8,23.114,2138988.0512
1770996794823000,2026-02-13T15:33:14.823000,btcusdt,,,,,,,bybit_liquidations,btcusdt,buy,69541.0,30.515,2122043.615
1772038880981000,2026-02-25T17:01:20.981000,btcusdt,,,,,,,bybit_liquidations,btcusdt,buy,68686.3,30.878,2120895.5714
1771068105634000,2026-02-14T11:21:45.634000,btcusdt,,,,,,,bybit_liquidations,btcusdt,buy,70692.7,30.0,2120781.0
1773132170649000,2026-03-10T08:42:50.649000,btcusdt,,,,,,,bybit_liquidations,btcusdt,buy,71375.6,29.621,2114216.6476000003
1773833808213000,2026-03-18T11:36:48.213000,btcusdt,,,,,,,bybit_liquidations,btcusdt,sell,72627.6,28.725,2086227.8100000003
1763120575136000,2025-11-14T11:42:55.136000,btcusdt,,,,,,,bybit_liquidations,btcusdt,sell,95450.9,21.661,2067561.9449
1763127795045000,2025-11-14T13:43:15.045000,btcusdt,,,,,,,bybit_liquidations,btcusdt,sell,94110.3,21.924,2063274.2172
1768403508385000,2026-01-14T15:11:48.385000,btcusdt,,,,,,,bybit_liquidations,btcusdt,buy,97315.4,21.143,2057539.5022
1762287473414000,2025-11-04T20:17:53.414000,btcusdt,,,,,,,bybit_liquidations,btcusdt,sell,99378.5,20.681,2055246.7585
1769784319781000,2026-01-30T14:45:19.781000,btcusdt,,,,,,,bybit_liquidations,btcusdt,buy,84095.8,24.299,2043443.8442
1771565538917000,2026-02-20T05:32:18.917000,btcusdt,,,,,,,bybit_liquidations,btcusdt,buy,67977.2,29.839,2028371.6708
1768342230751000,2026-01-13T22:10:30.751000,btcusdt,,,,,,,bybit_liquidations,btcusdt,buy,95872.5,21.153,2027990.9925
1764728005977000,2025-12-03T02:13:25.977000,btcusdt,,,,,,,bybit_liquidations,btcusdt,buy,93205.8,21.751,2027319.3558000005
1772031696531000,2026-02-25T15:01:36.531000,btcusdt,,,,,,,bybit_liquidations,btcusdt,buy,67423.9,30.0,2022717.0
1773542934562000,2026-03-15T02:48:54.562000,btcusdt,,,,,,,bybit_liquidations,btcusdt,buy,71787.4,28.141,2020169.2234
1770337189451000,2026-02-06T00:19:49.451000,ethusdt,,,,,,,bybit_liquidations,ethusdt,sell,1742.46,2177.36,3793962.705600001
1768948404893000,2026-01-20T22:33:24.893000,ethusdt,,,,,,,bybit_liquidations,ethusdt,sell,2940.42,1031.0,3031573.02
1762287459965000,2025-11-04T20:17:39.965000,ethusdt,,,,,,,bybit_liquidations,ethusdt,sell,3147.93,760.36,2393560.0548
1769879472461000,2026-01-31T17:11:12.461000,ethusdt,,,,,,,bybit_liquidations,ethusdt,sell,2421.65,984.91,2385107.3015
1770337189288000,2026-02-06T00:19:49.288000,ethusdt,,,,,,,bybit_liquidations,ethusdt,sell,1743.39,1176.24,2050645.0536
1769885019527000,2026-01-31T18:43:39.527000,ethusdt,,,,,,,bybit_liquidations,ethusdt,sell,2251.17,900.36,2026863.4212
1770336848177000,2026-02-06T00:14:08.177000,ethusdt,,,,,,,bybit_liquidations,ethusdt,sell,1762.37,1120.68,1975052.8116
1764547734581000,2025-12-01T00:08:54.581000,ethusdt,,,,,,,bybit_liquidations,ethusdt,sell,2914.81,665.66,1940272.4246
1764603270721000,2025-12-01T15:34:30.721000,ethusdt,,,,,,,bybit_liquidations,ethusdt,sell,2731.0,671.88,1834904.28
1765292557430000,2025-12-09T15:02:37.430000,ethusdt,,,,,,,bybit_liquidations,ethusdt,buy,3177.48,570.76,1813578.4848
1772997813197000,2026-03-08T19:23:33.197000,ethusdt,,,,,,,bybit_liquidations,ethusdt,buy,1969.61,919.1,1810268.551
1770305335714000,2026-02-05T15:28:55.714000,ethusdt,,,,,,,bybit_liquidations,ethusdt,sell,1934.67,925.06,1789685.8302
1762962769905000,2025-11-12T15:52:49.905000,ethusdt,,,,,,,bybit_liquidations,ethusdt,sell,3423.43,522.71,1789461.0953
1769869604354000,2026-01-31T14:26:44.354000,ethusdt,,,,,,,bybit_liquidations,ethusdt,sell,2524.82,649.61,1640148.3202000002
1773102459987000,2026-03-10T00:27:39.987000,ethusdt,,,,,,,bybit_liquidations,ethusdt,buy,2023.76,800.5,1620019.88
1774273371581000,2026-03-23T13:42:51.581000,ethusdt,,,,,,,bybit_liquidations,ethusdt,buy,2176.34,737.67,1605420.7278
1769869605391000,2026-01-31T14:26:45.391000,ethusdt,,,,,,,bybit_liquidations,ethusdt,sell,2522.13,629.9,1588689.687
1775467172403000,2026-04-06T09:19:32.403000,ethusdt,,,,,,,bybit_liquidations,ethusdt,buy,2171.32,694.63,1508264.0116
1774975283223000,2026-03-31T16:41:23.223000,ethusdt,,,,,,,bybit_liquidations,ethusdt,buy,2108.1,715.45,1508240.145
1762139606670000,2025-11-03T03:13:26.670000,ethusdt,,,,,,,bybit_liquidations,ethusdt,sell,3726.85,400.29,1491820.7865
1770336858769000,2026-02-06T00:14:18.769000,ethusdt,,,,,,,bybit_liquidations,ethusdt,sell,1755.6,849.51,1491399.7559999998
1772055386874000,2026-02-25T21:36:26.874000,ethusdt,,,,,,,bybit_liquidations,ethusdt,buy,2133.12,685.34,1461912.4608
1774584043296000,2026-03-27T04:00:43.296000,ethusdt,,,,,,,bybit_liquidations,ethusdt,sell,2047.05,706.66,1446568.353
1763573858877000,2025-11-19T17:37:38.877000,ethusdt,,,,,,,bybit_liquidations,ethusdt,sell,2884.12,499.28,1439983.4336
1769869606962000,2026-01-31T14:26:46.962000,ethusdt,,,,,,,bybit_liquidations,ethusdt,sell,2509.58,573.25,1438616.735
1769415680395000,2026-01-26T08:21:20.395000,ethusdt,,,,,,,bybit_liquidations,ethusdt,buy,2926.49,485.01,1419376.9149
1774815826631000,2026-03-29T20:23:46.631000,ethusdt,,,,,,,bybit_liquidations,ethusdt,buy,2017.36,700.05,1412252.8679999998
1766128261370000,2025-12-19T07:11:01.370000,ethusdt,,,,,,,bybit_liquidations,ethusdt,buy,2992.9,470.09,1406932.361
1764602160818000,2025-12-01T15:16:00.818000,ethusdt,,,,,,,bybit_liquidations,ethusdt,sell,2769.52,505.35,1399576.932
1763727857696000,2025-11-21T12:24:17.696000,ethusdt,,,,,,,bybit_liquidations,ethusdt,sell,2616.13,527.72,1380584.1236
1762152069881000,2025-11-03T06:41:09.881000,ethusdt,,,,,,,bybit_liquidations,ethusdt,sell,3690.0,368.69,1360466.1
1762425299295000,2025-11-06T10:34:59.295000,ethusdt,,,,,,,bybit_liquidations,ethusdt,buy,3427.2,378.07,1295721.504
1762152331036000,2025-11-03T06:45:31.036000,ethusdt,,,,,,,bybit_liquidations,ethusdt,sell,3680.46,348.05,1280984.103
1775776429240000,2026-04-09T23:13:49.240000,ethusdt,,,,,,,bybit_liquidations,ethusdt,sell,2178.74,583.6,1271512.664
1768342241091000,2026-01-13T22:10:41.091000,ethusdt,,,,,,,bybit_liquidations,ethusdt,buy,3370.97,376.92,1270586.0124
1774609268332000,2026-03-27T11:01:08.332000,ethusdt,,,,,,,bybit_liquidations,ethusdt,sell,1973.48,639.06,1261172.1287999998
1768896792843000,2026-01-20T08:13:12.843000,ethusdt,,,,,,,bybit_liquidations,ethusdt,sell,3089.81,403.27,1246027.6786999998
1764686668392000,2025-12-02T14:44:28.392000,ethusdt,,,,,,,bybit_liquidations,ethusdt,buy,2898.8,429.36,1244628.7680000002
1762958945242000,2025-11-12T14:49:05.242000,ethusdt,,,,,,,bybit_liquidations,ethusdt,sell,3478.16,357.13,1242155.2807999998
1763112848608000,2025-11-14T09:34:08.608000,ethusdt,,,,,,,bybit_liquidations,ethusdt,sell,3144.16,388.48,1221443.2768
1763710370479000,2025-11-21T07:32:50.479000,ethusdt,,,,,,,bybit_liquidations,ethusdt,sell,2728.22,446.23,1217413.6106
1772041508413000,2026-02-25T17:45:08.413000,ethusdt,,,,,,,bybit_liquidations,ethusdt,buy,2091.85,577.24,1207499.494
1768342230751000,2026-01-13T22:10:30.751000,ethusdt,,,,,,,bybit_liquidations,ethusdt,buy,3332.45,362.09,1206646.8205
1770845859789000,2026-02-11T21:37:39.789000,ethusdt,,,,,,,bybit_liquidations,ethusdt,buy,1996.47,604.29,1206446.8563
1772055337114000,2026-02-25T21:35:37.114000,ethusdt,,,,,,,bybit_liquidations,ethusdt,buy,2112.02,571.18,1206343.5835999998
1773684547164000,2026-03-16T18:09:07.164000,ethusdt,,,,,,,bybit_liquidations,ethusdt,buy,2342.48,514.96,1206283.5008
1768342197496000,2026-01-13T22:09:57.496000,ethusdt,,,,,,,bybit_liquidations,ethusdt,buy,3294.89,366.09,1206226.2801
1771839183404000,2026-02-23T09:33:03.404000,ethusdt,,,,,,,bybit_liquidations,ethusdt,buy,1909.44,631.71,1206212.3424000002
1768342198136000,2026-01-13T22:09:58.136000,ethusdt,,,,,,,bybit_liquidations,ethusdt,buy,3294.73,366.09,1206167.7056999998
1767883382035000,2026-01-08T14:43:02.035000,ethusdt,,,,,,,bybit_liquidations,ethusdt,sell,3045.07,395.76,1205116.9032
