rows,min_timestamp,max_timestamp,negative_time_jumps,same_timestamp_as_previous,exact_adjacent_duplicates,dt_us_p50,dt_us_p90,dt_us_p99,dt_us_p999,dt_us_max,gaps_gt_1s,gaps_gt_10s,gaps_gt_60s,source,symbol,date
202748814,1761955200491000,1777420799709000,0,0,0.0,52000.0,155000.0,364000.0,632000.0,609862000,19701,26,8,binance_booktickers,btcusdt,
220134233,1761955200734000,1777420799857000,0,0,0.0,52000.0,106000.0,312000.0,529000.0,613420000,6128,26,8,binance_booktickers,ethusdt,
236067,1761955325274000,1777419146199000,0,0,0.0,4229000.0,170382000.0,955121000.0,2194557000.0,5676127000,234364,89819,45199,binance_liquidations,btcusdt,
270796,1761955324068000,1777420705164000,0,0,0.0,4328000.0,150778000.0,784795000.0,1855829000.0,6812221000,268987,104479,50556,binance_liquidations,ethusdt,
1492868,1761955200015000,1762041599843000,0,1110991,,0.0,157000.0,999000.0,2183000.0,7735000,14885,0,0,binance_trades,btcusdt,2025-11-01
2070234,1762041601372000,1762127999927000,0,1562171,,0.0,96000.0,786000.0,1898000.0,7286000,12236,0,0,binance_trades,btcusdt,2025-11-02
5811943,1762128000033000,1762214399857000,0,4568986,,0.0,20000.0,329000.0,814000.0,4331000,2624,0,0,binance_trades,btcusdt,2025-11-03
8565627,1762214400014000,1762300799991000,0,6792753,,0.0,15000.0,219000.0,611000.0,3390000,1403,0,0,binance_trades,btcusdt,2025-11-04
6085360,1762300800016000,1762387199882000,0,4886670,,0.0,19000.0,313000.0,788000.0,3800000,2265,0,0,binance_trades,btcusdt,2025-11-05
5320897,1762387200018000,1762473598986000,0,4258241,,0.0,21000.0,363000.0,901000.0,3774000,3397,0,0,binance_trades,btcusdt,2025-11-06
5603055,1762473600016000,1762559999884000,0,4417977,,0.0,25000.0,327000.0,803000.0,3404000,2342,0,0,binance_trades,btcusdt,2025-11-07
2558975,1762560000059000,1762646399931000,0,1941044,,0.0,84000.0,619000.0,1333000.0,6947000,6448,0,0,binance_trades,btcusdt,2025-11-08
3231981,1762646400017000,1762732799847000,0,2484681,,0.0,57000.0,527000.0,1045000.0,5548000,4189,0,0,binance_trades,btcusdt,2025-11-09
4212641,1762732800063000,1762819199742000,0,3315520,,0.0,32000.0,437000.0,1020000.0,4535000,4560,0,0,binance_trades,btcusdt,2025-11-10
4760167,1762819200791000,1762905599899000,0,3779147,,0.0,27000.0,392000.0,917000.0,4200000,3250,0,0,binance_trades,btcusdt,2025-11-11
4703497,1762905600018000,1762991999795000,0,3677684,,0.0,31000.0,390000.0,889000.0,3526000,2087,0,0,binance_trades,btcusdt,2025-11-12
7282317,1762992000011000,1763078399924000,0,5862403,,0.0,17000.0,258000.0,698000.0,8346000,2007,0,0,binance_trades,btcusdt,2025-11-13
9131130,1763078400017000,1763164799796000,0,7358205,,0.0,12000.0,211000.0,586000.0,3436000,1300,0,0,binance_trades,btcusdt,2025-11-14
3291285,1763164800013000,1763251199852000,0,2599086,,0.0,39000.0,558000.0,1360000.0,6631000,8173,0,0,binance_trades,btcusdt,2025-11-15
4603647,1763251200013000,1763337599597000,0,3649935,,0.0,20000.0,436000.0,1116000.0,7349000,6634,0,0,binance_trades,btcusdt,2025-11-16
6449711,1763337600012000,1763423999836000,0,5026146,,0.0,17000.0,299000.0,836000.0,4642000,3448,0,0,binance_trades,btcusdt,2025-11-17
7177879,1763424000115000,1763510399526000,0,5617932,,0.0,18000.0,259000.0,684000.0,3842000,1871,0,0,binance_trades,btcusdt,2025-11-18
6320421,1763510400072000,1763596799891000,0,4938624,,0.0,21000.0,293000.0,755000.0,3804000,2347,0,0,binance_trades,btcusdt,2025-11-19
7702463,1763596800039000,1763683199895000,0,6020827,,0.0,13000.0,256000.0,706000.0,4653000,2234,0,0,binance_trades,btcusdt,2025-11-20
12106305,1763683200009000,1763769599697000,0,9543540,,0.0,10000.0,157000.0,469000.0,2491000,731,0,0,binance_trades,btcusdt,2025-11-21
3300917,1763769600008000,1763855999425000,0,2460180,,0.0,44000.0,535000.0,1279000.0,5658000,7183,0,0,binance_trades,btcusdt,2025-11-22
3866414,1763856000883000,1763942399921000,0,2907450,,0.0,45000.0,440000.0,984000.0,4049000,3609,0,0,binance_trades,btcusdt,2025-11-23
5760743,1763942400183000,1764028799901000,0,4490940,,0.0,20000.0,329000.0,815000.0,4350000,2637,0,0,binance_trades,btcusdt,2025-11-24
3934906,1764028801009000,1764115199878000,0,2972939,,0.0,39000.0,450000.0,1063000.0,5537000,4863,0,0,binance_trades,btcusdt,2025-11-25
3774838,1764115200979000,1764201599962000,0,2854742,,0.0,40000.0,473000.0,1122000.0,4764000,5575,0,0,binance_trades,btcusdt,2025-11-26
2798297,1764201600036000,1764287997479000,0,2029375,,0.0,75000.0,563000.0,1310000.0,5481000,6587,0,0,binance_trades,btcusdt,2025-11-27
3370293,1764288001028000,1764374399996000,0,2498238,,0.0,47000.0,528000.0,1285000.0,4846000,7561,0,0,binance_trades,btcusdt,2025-11-28
1422235,1764374400902000,1764460799889000,0,1024313,,0.0,166000.0,1039000.0,2196000.0,6009000,15671,0,0,binance_trades,btcusdt,2025-11-29
1670685,1764460800906000,1764547199972000,0,1219579,,0.0,124000.0,955000.0,2213000.0,9872000,14896,0,0,binance_trades,btcusdt,2025-11-30
6767867,1764547200047000,1764633599685000,0,5164044,,0.0,19000.0,274000.0,720000.0,3447000,2000,0,0,binance_trades,btcusdt,2025-12-01
5320364,1764633600114000,1764719999613000,0,4048764,,0.0,25000.0,351000.0,909000.0,3810000,3750,0,0,binance_trades,btcusdt,2025-12-02
5434899,1764720000975000,1764806399673000,0,4095332,,0.0,30000.0,317000.0,712000.0,2281000,1003,0,0,binance_trades,btcusdt,2025-12-03
4163902,1764806400080000,1764892799920000,0,3089737,,0.0,42000.0,411000.0,911000.0,3881000,2577,0,0,binance_trades,btcusdt,2025-12-04
4515266,1764892800045000,1764979199713000,0,3308989,,0.0,36000.0,393000.0,861000.0,2321000,1916,0,0,binance_trades,btcusdt,2025-12-05
1591698,1764979201046000,1765065599716000,0,1113405,,0.0,155000.0,912000.0,1859000.0,3061000,12072,0,0,binance_trades,btcusdt,2025-12-06
3338858,1765065600882000,1765151999961000,0,2491940,,0.0,38000.0,572000.0,1470000.0,4121000,10192,0,0,binance_trades,btcusdt,2025-12-07
4053713,1765152000091000,1765238399975000,0,3017533,,0.0,36000.0,447000.0,1035000.0,4898000,4662,0,0,binance_trades,btcusdt,2025-12-08
4479556,1765238400030000,1765324799985000,0,3346644,,0.0,28000.0,427000.0,1048000.0,4088000,5298,0,0,binance_trades,btcusdt,2025-12-09
4231885,1765324800067000,1765411199688000,0,3205718,,0.0,30000.0,444000.0,1055000.0,5578000,5239,0,0,binance_trades,btcusdt,2025-12-10
4805321,1765411200068000,1765497599954000,0,3656163,,0.0,31000.0,368000.0,921000.0,4422000,3432,0,0,binance_trades,btcusdt,2025-12-11
3756330,1765497600184000,1765583999745000,0,2905834,,0.0,30000.0,522000.0,1306000.0,4975000,8561,0,0,binance_trades,btcusdt,2025-12-12
932723,1765584001378000,1765670399831000,0,629625,,0.0,292000.0,1349000.0,2826000.0,9948000,18809,0,0,binance_trades,btcusdt,2025-12-13
2328825,1765670401290000,1765756799945000,0,1727617,,0.0,70000.0,753000.0,1889000.0,8523000,12509,0,0,binance_trades,btcusdt,2025-12-14
4934205,1765756800060000,1765843199914000,0,3726800,,0.0,23000.0,393000.0,1031000.0,4258000,5445,0,0,binance_trades,btcusdt,2025-12-15
4227432,1765843200013000,1765929598893000,0,3288057,,0.0,30000.0,445000.0,1092000.0,5033000,5653,0,0,binance_trades,btcusdt,2025-12-16
5781931,1765929600057000,1766015999686000,0,4543036,,0.0,15000.0,358000.0,1001000.0,4159000,5789,0,0,binance_trades,btcusdt,2025-12-17
6086801,1766016001242000,1766102399349000,0,4804429,,0.0,15000.0,334000.0,961000.0,4441000,5331,0,0,binance_trades,btcusdt,2025-12-18
5033784,1766102400013000,1766188799182000,0,3967393,,0.0,20000.0,393000.0,1017000.0,5148000,5333,0,0,binance_trades,btcusdt,2025-12-19
923867,1766188800009000,1766275199911000,0,638936,,0.0,290000.0,1435000.0,2869000.0,9363000,20554,0,0,binance_trades,btcusdt,2025-12-20
1874833,1766275200122000,1766361599811000,0,1393900,,0.0,92000.0,922000.0,2268000.0,11029000,15727,1,0,binance_trades,btcusdt,2025-12-21
4177410,1766361600026000,1766447999941000,0,3241541,,0.0,31000.0,446000.0,1114000.0,4004000,5989,0,0,binance_trades,btcusdt,2025-12-22
3475721,1766448001336000,1766534399930000,0,2672389,,0.0,41000.0,528000.0,1246000.0,4956000,7266,0,0,binance_trades,btcusdt,2025-12-23
2265486,1766534400171000,1766620799499000,0,1705444,,0.0,78000.0,755000.0,1669000.0,6435000,11463,0,0,binance_trades,btcusdt,2025-12-24
1544627,1766620800012000,1766707199875000,0,1117936,,0.0,135000.0,1027000.0,2320000.0,6869000,16362,0,0,binance_trades,btcusdt,2025-12-25
3606962,1766707200013000,1766793599720000,0,2733199,,0.0,36000.0,526000.0,1311000.0,7705000,8405,0,0,binance_trades,btcusdt,2025-12-26
702865,1766793600058000,1766879999826000,0,446056,,0.0,415000.0,1577000.0,3156000.0,11879000,19925,2,0,binance_trades,btcusdt,2025-12-27
886145,1766880000100000,1766966399853000,0,604635,,0.0,297000.0,1505000.0,2998000.0,9970000,21176,0,0,binance_trades,btcusdt,2025-12-28
3903584,1766966401523000,1767052799988000,0,2895627,,0.0,45000.0,433000.0,1160000.0,6123000,5994,0,0,binance_trades,btcusdt,2025-12-29
2751658,1767052800013000,1767139199662000,0,2051768,,0.0,61000.0,635000.0,1501000.0,5697000,9626,0,0,binance_trades,btcusdt,2025-12-30
2109520,1767139200127000,1767225599990000,0,1582019,,0.0,83000.0,817000.0,1951000.0,7619000,13702,0,0,binance_trades,btcusdt,2025-12-31
1056983,1767225601807000,1767311999948000,0,751443,,0.0,236000.0,1341000.0,2768000.0,10120000,19806,1,0,binance_trades,btcusdt,2026-01-01
3761809,1767312000049000,1767398399818000,0,2871751,,0.0,35000.0,501000.0,1293000.0,6859000,8272,0,0,binance_trades,btcusdt,2026-01-02
1281323,1767398401296000,1767484798713000,0,904440,,0.0,202000.0,1062000.0,2256000.0,7687000,14935,0,0,binance_trades,btcusdt,2026-01-03
1754310,1767484800015000,1767571199974000,0,1271599,,0.0,127000.0,875000.0,1952000.0,8586000,12596,0,0,binance_trades,btcusdt,2026-01-04
4065751,1767571200033000,1767657599778000,0,3050274,,0.0,45000.0,415000.0,958000.0,4621000,3401,0,0,binance_trades,btcusdt,2026-01-05
3600127,1767657600011000,1767743999492000,0,2690005,,0.0,49000.0,475000.0,1055000.0,46431000,4518,1,0,binance_trades,btcusdt,2026-01-06
3128471,1767744000027000,1767830399806000,0,2373287,,0.0,54000.0,555000.0,1319000.0,6413000,7567,0,0,binance_trades,btcusdt,2026-01-07
3683212,1767830400024000,1767916799973000,0,2828702,,0.0,42000.0,482000.0,1179000.0,6471000,6230,0,0,binance_trades,btcusdt,2026-01-08
3326504,1767916800013000,1768003199977000,0,2581129,,0.0,32000.0,588000.0,1599000.0,38810000,11668,1,0,binance_trades,btcusdt,2026-01-09
599776,1768003200015000,1768089599817000,0,389729,,0.0,494000.0,1881000.0,3291000.0,9024000,24364,0,0,binance_trades,btcusdt,2026-01-10
1038353,1768089600081000,1768175999999000,0,733939,,0.0,234000.0,1386000.0,2849000.0,8906000,20565,0,0,binance_trades,btcusdt,2026-01-11
3781259,1768176000120000,1768262399462000,0,2920706,,0.0,38000.0,481000.0,1213000.0,8059000,6998,0,0,binance_trades,btcusdt,2026-01-12
4315548,1768262400015000,1768348799949000,0,3349906,,0.0,29000.0,433000.0,1189000.0,8531000,7197,0,0,binance_trades,btcusdt,2026-01-13
4348837,1768348800015000,1768435199698000,0,3356252,,0.0,33000.0,425000.0,1007000.0,3903000,4464,0,0,binance_trades,btcusdt,2026-01-14
3798583,1768435200049000,1768521599561000,0,2964977,,0.0,39000.0,476000.0,1103000.0,3931000,5389,0,0,binance_trades,btcusdt,2026-01-15
2400862,1768521600017000,1768607999337000,0,1820370,,0.0,69000.0,724000.0,1608000.0,7893000,10824,0,0,binance_trades,btcusdt,2026-01-16
818622,1768608001400000,1768694399998000,0,560328,,0.0,349000.0,1510000.0,2928000.0,10801000,20882,1,0,binance_trades,btcusdt,2026-01-17
1329656,1768694400047000,1768780799938000,0,983929,,0.0,152000.0,1208000.0,2593000.0,9385000,19455,0,0,binance_trades,btcusdt,2026-01-18
2825417,1768780800055000,1768867199953000,0,2181025,,0.0,43000.0,666000.0,1644000.0,7846000,11632,0,0,binance_trades,btcusdt,2026-01-19
4631076,1768867200062000,1768953599814000,0,3622478,,0.0,24000.0,415000.0,1098000.0,9887000,6136,0,0,binance_trades,btcusdt,2026-01-20
5516112,1768953600117000,1769039999964000,0,4396999,,0.0,15000.0,370000.0,991000.0,5205000,5301,0,0,binance_trades,btcusdt,2026-01-21
3188220,1769040000028000,1769126399643000,0,2518658,,0.0,27000.0,632000.0,1602000.0,7497000,12109,0,0,binance_trades,btcusdt,2026-01-22
3316204,1769126401765000,1769212799880000,0,2601024,,0.0,31000.0,596000.0,1604000.0,6474000,11611,0,0,binance_trades,btcusdt,2026-01-23
704903,1769212800013000,1769299199988000,0,483188,,0.0,365000.0,1944000.0,4067000.0,11883000,24707,5,0,binance_trades,btcusdt,2026-01-24
2890811,1769299201633000,1769385599996000,0,2219354,,0.0,46000.0,639000.0,1735000.0,7333000,11503,0,0,binance_trades,btcusdt,2026-01-25
3655855,1769385600006000,1769471999884000,0,2914627,,0.0,28000.0,532000.0,1335000.0,6910000,8852,0,0,binance_trades,btcusdt,2026-01-26
3132674,1769472000016000,1769558399892000,0,2455327,,0.0,40000.0,601000.0,1389000.0,6634000,9063,0,0,binance_trades,btcusdt,2026-01-27
3491626,1769558400009000,1769644799999000,0,2771879,,0.0,22000.0,584000.0,1513000.0,5929000,11333,0,0,binance_trades,btcusdt,2026-01-28
5246035,1769644801777000,1769731199972000,0,4187686,,0.0,14000.0,405000.0,1199000.0,6054000,8808,0,0,binance_trades,btcusdt,2026-01-29
7256125,1769731200022000,1769817599864000,0,5892504,,0.0,9000.0,288000.0,829000.0,4533000,3823,0,0,binance_trades,btcusdt,2026-01-30
7436381,1769817600012000,1769903999758000,0,5917912,,0.0,9000.0,273000.0,1000000.0,5955000,7429,0,0,binance_trades,btcusdt,2026-01-31
6759515,1769904000021000,1769990399820000,0,5490742,,0.0,8000.0,321000.0,922000.0,4760000,5144,0,0,binance_trades,btcusdt,2026-02-01
10355996,1769990400010000,1770076799947000,0,8562788,,0.0,5000.0,206000.0,676000.0,4073000,3139,0,0,binance_trades,btcusdt,2026-02-02
8903914,1770076800015000,1770163199731000,0,7347872,,0.0,6000.0,244000.0,813000.0,5204000,4641,0,0,binance_trades,btcusdt,2026-02-03
9145452,1770163200016000,1770249599895000,0,7472635,,0.0,6000.0,230000.0,794000.0,4748000,4678,0,0,binance_trades,btcusdt,2026-02-04
19580992,1770249600012000,1770335999951000,0,16004363,,0.0,5000.0,101000.0,331000.0,2444000,383,0,0,binance_trades,btcusdt,2026-02-05
16332895,1770336000012000,1770422399969000,0,13376149,,0.0,5000.0,123000.0,365000.0,2536000,325,0,0,binance_trades,btcusdt,2026-02-06
8784245,1770422400015000,1770508799374000,0,7301622,,0.0,5000.0,244000.0,767000.0,5668000,4204,0,0,binance_trades,btcusdt,2026-02-07
5758737,1770508800013000,1770595199950000,0,4789948,,0.0,7000.0,371000.0,1062000.0,8898000,6898,0,0,binance_trades,btcusdt,2026-02-08
7998760,1770595200014000,1770681599980000,0,6635801,,0.0,5000.0,275000.0,793000.0,4388000,3733,0,0,binance_trades,btcusdt,2026-02-09
6232152,1770681600006000,1770767999448000,0,5081501,,0.0,6000.0,349000.0,989000.0,5769000,6021,0,0,binance_trades,btcusdt,2026-02-10
8361305,1770768000012000,1770854399987000,0,6816220,,0.0,6000.0,258000.0,786000.0,5333000,3918,0,0,binance_trades,btcusdt,2026-02-11
6480831,1770854400007000,1770940799906000,0,5170530,,0.0,8000.0,328000.0,909000.0,4519000,4655,0,0,binance_trades,btcusdt,2026-02-12
5506415,1770940800006000,1771027199966000,0,4352836,,0.0,11000.0,382000.0,982000.0,4360000,5105,0,0,binance_trades,btcusdt,2026-02-13
3100721,1771027200005000,1771113599836000,0,2445144,,0.0,37000.0,616000.0,1609000.0,6933000,11420,0,0,binance_trades,btcusdt,2026-02-14
4131070,1771113600006000,1771199999873000,0,3298881,,0.0,19000.0,488000.0,1246000.0,5718000,8102,0,0,binance_trades,btcusdt,2026-02-15
4281078,1771200000056000,1771286399293000,0,3465961,,0.0,14000.0,493000.0,1311000.0,6556000,9532,0,0,binance_trades,btcusdt,2026-02-16
4735651,1771286400005000,1771372799860000,0,3798715,,0.0,11000.0,448000.0,1278000.0,7433000,9338,0,0,binance_trades,btcusdt,2026-02-17
4414934,1771372800009000,1771459199835000,0,3537454,,0.0,15000.0,468000.0,1245000.0,4802000,8505,0,0,binance_trades,btcusdt,2026-02-18
4243601,1771459200013000,1771545599909000,0,3433290,,0.0,15000.0,489000.0,1314000.0,6881000,9409,0,0,binance_trades,btcusdt,2026-02-19
5164151,1771545600004000,1771631999719000,0,4223789,,0.0,10000.0,413000.0,1181000.0,6130000,8348,0,0,binance_trades,btcusdt,2026-02-20
1846628,1771632000008000,1771718399692000,0,1440893,,0.0,95000.0,934000.0,2074000.0,8681000,15603,0,0,binance_trades,btcusdt,2026-02-21
1863180,1771718400003000,1771804799832000,0,1453448,,0.0,87000.0,952000.0,2188000.0,7273000,16651,0,0,binance_trades,btcusdt,2026-02-22
6626614,1771804800061000,1771891199997000,0,5341704,,0.0,13000.0,302000.0,806000.0,14137000,3122,1,0,binance_trades,btcusdt,2026-02-23
5758443,1771891200010000,1771977599700000,0,4642458,,0.0,13000.0,353000.0,957000.0,4591000,4878,0,0,binance_trades,btcusdt,2026-02-24
6996826,1771977600062000,1772063999976000,0,5650624,,0.0,12000.0,283000.0,787000.0,3721000,3103,0,0,binance_trades,btcusdt,2026-02-25
5337518,1772064000003000,1772150399089000,0,4353076,,0.0,10000.0,396000.0,1053000.0,6830000,6286,0,0,binance_trades,btcusdt,2026-02-26
5402230,1772150400065000,1772236799724000,0,4371905,,0.0,13000.0,374000.0,994000.0,4975000,5270,0,0,binance_trades,btcusdt,2026-02-27
6409196,1772236800005000,1772323199992000,0,5225310,,0.0,10000.0,325000.0,982000.0,6381000,6029,0,0,binance_trades,btcusdt,2026-02-28
5961363,1772323200008000,1772409599851000,0,4910572,,0.0,9000.0,357000.0,943000.0,4766000,4826,0,0,binance_trades,btcusdt,2026-03-01
7594297,1772409600060000,1772495999978000,0,6135875,,0.0,9000.0,282000.0,799000.0,5025000,3332,0,0,binance_trades,btcusdt,2026-03-02
7256084,1772496002507000,1772582399308000,0,5828002,,0.0,11000.0,278000.0,778000.0,4017000,3077,0,0,binance_trades,btcusdt,2026-03-03
9113262,1772582400007000,1772668799909000,0,7273252,,0.0,11000.0,214000.0,636000.0,3991000,2014,0,0,binance_trades,btcusdt,2026-03-04
6208035,1772668800083000,1772755199983000,0,4964335,,0.0,14000.0,319000.0,841000.0,5096000,3419,0,0,binance_trades,btcusdt,2026-03-05
5538480,1772755200742000,1772841599952000,0,4367207,,0.0,19000.0,350000.0,936000.0,4489000,4402,0,0,binance_trades,btcusdt,2026-03-06
2310757,1772841600040000,1772927999976000,0,1778644,,0.0,76000.0,745000.0,1636000.0,7751000,11130,0,0,binance_trades,btcusdt,2026-03-07
3935887,1772928000071000,1773014399808000,0,3130678,,0.0,26000.0,495000.0,1239000.0,6078000,7648,0,0,binance_trades,btcusdt,2026-03-08
6399767,1773014400078000,1773100799393000,0,5144493,,0.0,13000.0,310000.0,846000.0,16605000,3709,1,0,binance_trades,btcusdt,2026-03-09
6447532,1773100800075000,1773187199938000,0,5105826,,0.0,17000.0,300000.0,769000.0,3505000,2402,0,0,binance_trades,btcusdt,2026-03-10
5153968,1773187200102000,1773273599130000,0,4123052,,0.0,17000.0,391000.0,1075000.0,4847000,6463,0,0,binance_trades,btcusdt,2026-03-11
5019164,1773273600145000,1773359999827000,0,4008327,,0.0,20000.0,387000.0,1026000.0,7483000,5482,0,0,binance_trades,btcusdt,2026-03-12
6397853,1773360000020000,1773446399902000,0,5087187,,0.0,17000.0,301000.0,835000.0,12283000,3464,1,0,binance_trades,btcusdt,2026-03-13
1880758,1773446400060000,1773532799921000,0,1454997,,0.0,109000.0,868000.0,1951000.0,14591000,12492,2,0,binance_trades,btcusdt,2026-03-14
3029463,1773532800921000,1773619199753000,0,2409190,,0.0,45000.0,609000.0,1432000.0,6115000,8873,0,0,binance_trades,btcusdt,2026-03-15
6238655,1773619200174000,1773705599824000,0,5056337,,0.0,16000.0,310000.0,779000.0,18684000,2359,1,0,binance_trades,btcusdt,2026-03-16
5468262,1773705600288000,1773791999759000,0,4422271,,0.0,18000.0,352000.0,903000.0,10236000,3782,1,0,binance_trades,btcusdt,2026-03-17
5350378,1773792000130000,1773878399614000,0,4267172,,0.0,20000.0,366000.0,973000.0,10960000,4852,1,0,binance_trades,btcusdt,2026-03-18
5568439,1773878400032000,1773964799462000,0,4466402,,0.0,18000.0,352000.0,945000.0,4504000,4587,0,0,binance_trades,btcusdt,2026-03-19
4888481,1773964800068000,1774051199237000,0,3918435,,0.0,22000.0,394000.0,1000000.0,4767000,4876,0,0,binance_trades,btcusdt,2026-03-20
1878597,1774051200094000,1774137599981000,0,1476744,,0.0,77000.0,960000.0,2272000.0,8541000,17096,0,0,binance_trades,btcusdt,2026-03-21
3656404,1774137600086000,1774223999927000,0,2913609,,0.0,32000.0,518000.0,1221000.0,6256000,7160,0,0,binance_trades,btcusdt,2026-03-22
7413829,1774224000073000,1774310399994000,0,5989277,,0.0,9000.0,276000.0,840000.0,4968000,4486,0,0,binance_trades,btcusdt,2026-03-23
4919959,1774310400052000,1774396799627000,0,3947084,,0.0,18000.0,403000.0,1045000.0,5175000,5710,0,0,binance_trades,btcusdt,2026-03-24
4275833,1774396800021000,1774483199948000,0,3469844,,0.0,23000.0,455000.0,1167000.0,6163000,6872,0,0,binance_trades,btcusdt,2026-03-25
4272945,1774483200031000,1774569599851000,0,3427375,,0.0,24000.0,447000.0,1155000.0,608439000,6685,2,1,binance_trades,btcusdt,2026-03-26
4879078,1774569600052000,1774655999196000,0,3891618,,0.0,20000.0,403000.0,1136000.0,5020000,7088,0,0,binance_trades,btcusdt,2026-03-27
1936169,1774656000239000,1774742399791000,0,1479179,,0.0,99000.0,854000.0,1969000.0,10502000,13569,1,0,binance_trades,btcusdt,2026-03-28
2569247,1774742400371000,1774828799774000,0,2062990,,0.0,34000.0,776000.0,1875000.0,6775000,15229,0,0,binance_trades,btcusdt,2026-03-29
4757162,1774828800094000,1774915199996000,0,3858309,,0.0,17000.0,415000.0,1088000.0,5160000,6148,0,0,binance_trades,btcusdt,2026-03-30
5859805,1774915200057000,1775001599843000,0,4793011,,0.0,11000.0,353000.0,955000.0,7860000,4980,0,0,binance_trades,btcusdt,2026-03-31
4104211,1775001600049000,1775087998769000,0,3273801,,0.0,27000.0,462000.0,1175000.0,5287000,6782,0,0,binance_trades,btcusdt,2026-04-01
4636901,1775088000308000,1775174399551000,0,3692804,,0.0,26000.0,410000.0,1153000.0,7409000,6802,0,0,binance_trades,btcusdt,2026-04-02
1992736,1775174400121000,1775260799828000,0,1542783,,0.0,85000.0,865000.0,2147000.0,11749000,14782,1,0,binance_trades,btcusdt,2026-04-03
974715,1775260801255000,1775347199129000,0,717416,,0.0,239000.0,1541000.0,3343000.0,9708000,22373,0,0,binance_trades,btcusdt,2026-04-04
2067627,1775347202730000,1775433599911000,0,1598663,,0.0,69000.0,897000.0,2131000.0,8616000,16578,0,0,binance_trades,btcusdt,2026-04-05
4097295,1775433600035000,1775519999901000,0,3262558,,0.0,31000.0,456000.0,1132000.0,5898000,6133,0,0,binance_trades,btcusdt,2026-04-06
5361653,1775520000206000,1775606399962000,0,4332142,,0.0,15000.0,380000.0,1017000.0,5599000,5675,0,0,binance_trades,btcusdt,2026-04-07
4082843,1775606400118000,1775692799854000,0,3234665,,0.0,32000.0,456000.0,1137000.0,5389000,6277,0,0,binance_trades,btcusdt,2026-04-08
4240779,1775692800367000,1775779199942000,0,3389141,,0.0,28000.0,451000.0,1151000.0,5677000,6656,0,0,binance_trades,btcusdt,2026-04-09
3530080,1775779200083000,1775865599716000,0,2765606,,0.0,41000.0,520000.0,1263000.0,9975000,7407,0,0,binance_trades,btcusdt,2026-04-10
1752196,1775865600557000,1775951999132000,0,1340562,,0.0,116000.0,926000.0,1990000.0,5860000,14745,0,0,binance_trades,btcusdt,2026-04-11
2699360,1775952000089000,1776038399725000,0,2091817,,0.0,54000.0,672000.0,1603000.0,6781000,10970,0,0,binance_trades,btcusdt,2026-04-12
4357102,1776038401628000,1776124799989000,0,3471291,,0.0,25000.0,446000.0,1228000.0,5882000,8062,0,0,binance_trades,btcusdt,2026-04-13
4203808,1776124800014000,1776211198959000,0,3251806,,0.0,38000.0,430000.0,1044000.0,9537000,4906,0,0,binance_trades,btcusdt,2026-04-14
3436152,1776211200143000,1776297598905000,0,2707098,,0.0,49000.0,508000.0,1168000.0,4441000,5930,0,0,binance_trades,btcusdt,2026-04-15
4062130,1776297600119000,1776383999811000,0,3240114,,0.0,32000.0,463000.0,1141000.0,7280000,6328,0,0,binance_trades,btcusdt,2026-04-16
5519245,1776384000091000,1776470399749000,0,4380761,,0.0,20000.0,355000.0,1082000.0,12168000,6910,1,0,binance_trades,btcusdt,2026-04-17
2441654,1776470400114000,1776556798560000,0,1892089,,0.0,75000.0,694000.0,1647000.0,6945000,10690,0,0,binance_trades,btcusdt,2026-04-18
3524315,1776556800094000,1776643199951000,0,2803184,,0.0,38000.0,522000.0,1280000.0,6730000,7579,0,0,binance_trades,btcusdt,2026-04-19
4395127,1776643200013000,1776729599941000,0,3482821,,0.0,30000.0,422000.0,1020000.0,4926000,4785,0,0,binance_trades,btcusdt,2026-04-20
4513521,1776729600494000,1776815999899000,0,3614485,,0.0,25000.0,422000.0,1036000.0,13241000,5381,2,0,binance_trades,btcusdt,2026-04-21
4610409,1776816000116000,1776902399925000,0,3610053,,0.0,35000.0,388000.0,968000.0,16553000,4108,2,0,binance_trades,btcusdt,2026-04-22
4351842,1776902400620000,1776988799998000,0,3473143,,0.0,30000.0,425000.0,1048000.0,4926000,5117,0,0,binance_trades,btcusdt,2026-04-23
3111461,1776988800002000,1777075199972000,0,2450957,,0.0,54000.0,560000.0,1317000.0,5051000,7440,0,0,binance_trades,btcusdt,2026-04-24
1073572,1777075200049000,1777161599358000,0,773825,,0.0,248000.0,1249000.0,2595000.0,8387000,18101,0,0,binance_trades,btcusdt,2026-04-25
1936531,1777161600114000,1777247999999000,0,1506682,,0.0,90000.0,894000.0,2079000.0,7582000,15099,0,0,binance_trades,btcusdt,2026-04-26
3742280,1777248000004000,1777334399992000,0,2935729,,0.0,39000.0,488000.0,1202000.0,5791000,6806,0,0,binance_trades,btcusdt,2026-04-27
2751555,1777334400206000,1777420799378000,0,2148456,,0.0,62000.0,636000.0,1504000.0,7960000,9620,0,0,binance_trades,btcusdt,2026-04-28
2478182,1761955200058000,1762041599894000,0,1917568,,0.0,85000.0,642000.0,1405000.0,6023000,7146,0,0,binance_trades,ethusdt,2025-11-01
3238845,1762041600057000,1762127999980000,0,2548115,,0.0,54000.0,533000.0,1196000.0,5340000,5890,0,0,binance_trades,ethusdt,2025-11-02
10070803,1762128000064000,1762214399625000,0,8169407,,0.0,11000.0,194000.0,498000.0,4883000,502,0,0,binance_trades,ethusdt,2025-11-03
15897417,1762214400055000,1762300799998000,0,13006966,,0.0,6000.0,123000.0,387000.0,2066000,391,0,0,binance_trades,ethusdt,2025-11-04
10503612,1762300800011000,1762387199535000,0,8669802,,0.0,9000.0,190000.0,507000.0,2846000,707,0,0,binance_trades,ethusdt,2025-11-05
8995145,1762387200062000,1762473599621000,0,7440186,,0.0,8000.0,231000.0,642000.0,3793000,1786,0,0,binance_trades,ethusdt,2025-11-06
10160525,1762473600019000,1762559999844000,0,8367200,,0.0,8000.0,200000.0,546000.0,3824000,915,0,0,binance_trades,ethusdt,2025-11-07
5441778,1762560000032000,1762646399428000,0,4432831,,0.0,21000.0,345000.0,869000.0,5069000,3194,0,0,binance_trades,ethusdt,2025-11-08
6039399,1762646400006000,1762732799969000,0,4884777,,0.0,18000.0,321000.0,810000.0,3565000,2666,0,0,binance_trades,ethusdt,2025-11-09
7309288,1762732800024000,1762819199914000,0,6028905,,0.0,11000.0,280000.0,730000.0,3282000,2289,0,0,binance_trades,ethusdt,2025-11-10
8880427,1762819200076000,1762905599822000,0,7369545,,0.0,7000.0,236000.0,624000.0,3989000,1374,0,0,binance_trades,ethusdt,2025-11-11
8920698,1762905600029000,1762991999944000,0,7343532,,0.0,8000.0,232000.0,682000.0,3808000,2422,0,0,binance_trades,ethusdt,2025-11-12
13806780,1762992000050000,1763078399985000,0,11428329,,0.0,6000.0,146000.0,425000.0,8317000,444,0,0,binance_trades,ethusdt,2025-11-13
16785213,1763078400004000,1763164799859000,0,14112655,,0.0,4000.0,126000.0,385000.0,3631000,531,0,0,binance_trades,ethusdt,2025-11-14
5233555,1763164800035000,1763251199795000,0,4325927,,0.0,13000.0,386000.0,957000.0,4578000,4517,0,0,binance_trades,ethusdt,2025-11-15
9769730,1763251200014000,1763337599847000,0,8154898,,0.0,6000.0,221000.0,610000.0,2857000,1272,0,0,binance_trades,ethusdt,2025-11-16
12972195,1763337600006000,1763423999889000,0,10753489,,0.0,6000.0,162000.0,482000.0,1995000,654,0,0,binance_trades,ethusdt,2025-11-17
13026264,1763424000019000,1763510399903000,0,10874534,,0.0,5000.0,159000.0,466000.0,3835000,895,0,0,binance_trades,ethusdt,2025-11-18
13129414,1763510400025000,1763596799875000,0,10848274,,0.0,7000.0,152000.0,438000.0,2508000,447,0,0,binance_trades,ethusdt,2025-11-19
12951567,1763596800052000,1763683199836000,0,10723029,,0.0,6000.0,159000.0,445000.0,3628000,383,0,0,binance_trades,ethusdt,2025-11-20
18266440,1763683200049000,1763769599727000,0,15175778,,0.0,5000.0,111000.0,346000.0,2125000,288,0,0,binance_trades,ethusdt,2025-11-21
5561786,1763769600009000,1763855999832000,0,4547494,,0.0,15000.0,357000.0,917000.0,4066000,4145,0,0,binance_trades,ethusdt,2025-11-22
6044937,1763856000016000,1763942399924000,0,4933668,,0.0,14000.0,325000.0,826000.0,4932000,3098,0,0,binance_trades,ethusdt,2025-11-23
10158522,1763942400057000,1764028799866000,0,8395229,,0.0,7000.0,203000.0,569000.0,3113000,1150,0,0,binance_trades,ethusdt,2025-11-24
8125337,1764028800064000,1764115199876000,0,6690538,,0.0,10000.0,247000.0,639000.0,3874000,1490,0,0,binance_trades,ethusdt,2025-11-25
6624184,1764115200029000,1764201599965000,0,5393030,,0.0,14000.0,298000.0,770000.0,3695000,2588,0,0,binance_trades,ethusdt,2025-11-26
4596712,1764201600034000,1764287999667000,0,3641197,,0.0,30000.0,398000.0,989000.0,5022000,4431,0,0,binance_trades,ethusdt,2025-11-27
5794744,1764288000053000,1764374398894000,0,4682267,,0.0,14000.0,349000.0,966000.0,4437000,5196,0,0,binance_trades,ethusdt,2025-11-28
3177059,1764374400061000,1764460798863000,0,2522644,,0.0,42000.0,583000.0,1374000.0,6065000,8731,0,0,binance_trades,ethusdt,2025-11-29
3026486,1764460800063000,1764547199978000,0,2390234,,0.0,47000.0,604000.0,1443000.0,6857000,9535,0,0,binance_trades,ethusdt,2025-11-30
10475188,1764547200016000,1764633599997000,0,8546716,,0.0,7000.0,198000.0,565000.0,3360000,1211,0,0,binance_trades,ethusdt,2025-12-01
8158010,1764633600036000,1764719999873000,0,6619943,,0.0,10000.0,254000.0,685000.0,4014000,1944,0,0,binance_trades,ethusdt,2025-12-02
8723233,1764720000058000,1764806399986000,0,7111895,,0.0,9000.0,232000.0,594000.0,2424000,1012,0,0,binance_trades,ethusdt,2025-12-03
7753902,1764806400003000,1764892799747000,0,6296004,,0.0,13000.0,252000.0,652000.0,3684000,1589,0,0,binance_trades,ethusdt,2025-12-04
8369439,1764892800867000,1764979199861000,0,6870859,,0.0,8000.0,249000.0,704000.0,3559000,2469,0,0,binance_trades,ethusdt,2025-12-05
2879276,1764979200056000,1765065599725000,0,2275279,,0.0,49000.0,633000.0,1437000.0,6178000,9351,0,0,binance_trades,ethusdt,2025-12-06
6493338,1765065600052000,1765151999929000,0,5296786,,0.0,9000.0,328000.0,1033000.0,6778000,7169,0,0,binance_trades,ethusdt,2025-12-07
7567418,1765152000010000,1765238399870000,0,6237118,,0.0,9000.0,275000.0,754000.0,4775000,2889,0,0,binance_trades,ethusdt,2025-12-08
8904592,1765238400021000,1765324799949000,0,7263861,,0.0,8000.0,241000.0,707000.0,3983000,2605,0,0,binance_trades,ethusdt,2025-12-09
9398690,1765324800050000,1765411199819000,0,7761257,,0.0,8000.0,222000.0,619000.0,2825000,1424,0,0,binance_trades,ethusdt,2025-12-10
9099788,1765411200008000,1765497599614000,0,7522471,,0.0,8000.0,226000.0,606000.0,3279000,1140,0,0,binance_trades,ethusdt,2025-12-11
8017905,1765497600079000,1765583999814000,0,6654727,,0.0,7000.0,277000.0,796000.0,4083000,3598,0,0,binance_trades,ethusdt,2025-12-12
2455782,1765584000009000,1765670399969000,0,1897333,,0.0,78000.0,680000.0,1558000.0,6389000,9543,0,0,binance_trades,ethusdt,2025-12-13
4452072,1765670400052000,1765756799945000,0,3666315,,0.0,13000.0,475000.0,1284000.0,6172000,9103,0,0,binance_trades,ethusdt,2025-12-14
10128218,1765756800095000,1765843199810000,0,8401051,,0.0,6000.0,211000.0,627000.0,3068000,1811,0,0,binance_trades,ethusdt,2025-12-15
8979194,1765843200013000,1765929599864000,0,7578507,,0.0,6000.0,241000.0,661000.0,3424000,1715,0,0,binance_trades,ethusdt,2025-12-16
10384645,1765929600011000,1766015999950000,0,8765873,,0.0,5000.0,219000.0,672000.0,3811000,2233,0,0,binance_trades,ethusdt,2025-12-17
11498172,1766016000065000,1766102399997000,0,9709721,,0.0,5000.0,192000.0,605000.0,2814000,1474,0,0,binance_trades,ethusdt,2025-12-18
9817492,1766102400000000,1766188799879000,0,8301570,,0.0,5000.0,220000.0,641000.0,3825000,2028,0,0,binance_trades,ethusdt,2025-12-19
1794126,1766188801328000,1766275199774000,0,1360259,,0.0,129000.0,844000.0,1746000.0,6119000,10831,0,0,binance_trades,ethusdt,2025-12-20
3361696,1766275201349000,1766361599960000,0,2724486,,0.0,33000.0,582000.0,1501000.0,6495000,10445,0,0,binance_trades,ethusdt,2025-12-21
7619042,1766361600025000,1766447999934000,0,6411629,,0.0,8000.0,277000.0,740000.0,3451000,2354,0,0,binance_trades,ethusdt,2025-12-22
6846282,1766448000012000,1766534399693000,0,5790239,,0.0,8000.0,311000.0,819000.0,4105000,3269,0,0,binance_trades,ethusdt,2025-12-23
4466930,1766534400082000,1766620799791000,0,3712857,,0.0,17000.0,455000.0,1113000.0,5135000,6497,0,0,binance_trades,ethusdt,2025-12-24
2958944,1766620800041000,1766707199935000,0,2380705,,0.0,48000.0,628000.0,1465000.0,5614000,10026,0,0,binance_trades,ethusdt,2025-12-25
5553722,1766707200001000,1766793597886000,0,4606545,,0.0,13000.0,376000.0,1042000.0,5063000,6308,0,0,binance_trades,ethusdt,2025-12-26
1352404,1766793600005000,1766879999960000,0,1012664,,0.0,181000.0,1072000.0,2155000.0,6300000,16172,0,0,binance_trades,ethusdt,2025-12-27
1882393,1766880000092000,1766966399877000,0,1483116,,0.0,109000.0,864000.0,1798000.0,5421000,12760,0,0,binance_trades,ethusdt,2025-12-28
7102902,1766966400019000,1767052799978000,0,5911667,,0.0,11000.0,285000.0,865000.0,5541000,4668,0,0,binance_trades,ethusdt,2025-12-29
4897271,1767052800010000,1767139199882000,0,4046499,,0.0,17000.0,412000.0,1115000.0,4532000,6810,0,0,binance_trades,ethusdt,2025-12-30
3582875,1767139201775000,1767225599936000,0,2935676,,0.0,26000.0,562000.0,1447000.0,6573000,10653,0,0,binance_trades,ethusdt,2025-12-31
1630690,1767225601703000,1767311999988000,0,1256718,,0.0,137000.0,955000.0,1956000.0,6301000,14351,0,0,binance_trades,ethusdt,2026-01-01
6758826,1767312001280000,1767398399737000,0,5580883,,0.0,12000.0,306000.0,826000.0,3645000,3297,0,0,binance_trades,ethusdt,2026-01-02
2161378,1767398400031000,1767484799707000,0,1666812,,0.0,96000.0,745000.0,1585000.0,6845000,9882,0,0,binance_trades,ethusdt,2026-01-03
2979127,1767484800020000,1767571199937000,0,2364116,,0.0,58000.0,582000.0,1234000.0,4984000,6477,0,0,binance_trades,ethusdt,2026-01-04
6669638,1767571200043000,1767657599898000,0,5462067,,0.0,14000.0,300000.0,754000.0,2777000,2129,0,0,binance_trades,ethusdt,2026-01-05
6393549,1767657600014000,1767743999947000,0,5235643,,0.0,14000.0,321000.0,828000.0,46261000,3257,1,0,binance_trades,ethusdt,2026-01-06
6023222,1767744000017000,1767830399997000,0,4979799,,0.0,13000.0,340000.0,885000.0,3706000,3835,0,0,binance_trades,ethusdt,2026-01-07
6088874,1767830400036000,1767916799991000,0,5042173,,0.0,12000.0,337000.0,928000.0,4367000,4699,0,0,binance_trades,ethusdt,2026-01-08
5800879,1767916800013000,1768003199995000,0,4872201,,0.0,7000.0,384000.0,1158000.0,38623000,8760,1,0,binance_trades,ethusdt,2026-01-09
1071409,1768003200013000,1768089599720000,0,805046,,0.0,232000.0,1363000.0,2807000.0,9000000,20782,0,0,binance_trades,ethusdt,2026-01-10
2132705,1768089601406000,1768175999993000,0,1701070,,0.0,65000.0,860000.0,2062000.0,11080000,15390,1,0,binance_trades,ethusdt,2026-01-11
5697939,1768176000070000,1768262399837000,0,4740135,,0.0,10000.0,374000.0,1051000.0,6325000,6662,0,0,binance_trades,ethusdt,2026-01-12
6714779,1768262400015000,1768348799949000,0,5624055,,0.0,7000.0,324000.0,960000.0,13962000,5844,1,0,binance_trades,ethusdt,2026-01-13
7698663,1768348800030000,1768435199839000,0,6470287,,0.0,7000.0,276000.0,748000.0,4443000,2719,0,0,binance_trades,ethusdt,2026-01-14
6747184,1768435200049000,1768521599930000,0,5650002,,0.0,9000.0,313000.0,815000.0,4269000,3143,0,0,binance_trades,ethusdt,2026-01-15
4174819,1768521600011000,1768607999875000,0,3431014,,0.0,20000.0,488000.0,1218000.0,5924000,7855,0,0,binance_trades,ethusdt,2026-01-16
1576756,1768608000119000,1768694399753000,0,1200419,,0.0,142000.0,982000.0,2075000.0,7055000,14505,0,0,binance_trades,ethusdt,2026-01-17
2658487,1768694400051000,1768780799922000,0,2113051,,0.0,55000.0,686000.0,1526000.0,5949000,10949,0,0,binance_trades,ethusdt,2026-01-18
5321605,1768780800057000,1768867199962000,0,4384773,,0.0,12000.0,390000.0,1064000.0,8772000,6499,0,0,binance_trades,ethusdt,2026-01-19
8125895,1768867201341000,1768953599964000,0,6760158,,0.0,7000.0,262000.0,755000.0,4191000,3194,0,0,binance_trades,ethusdt,2026-01-20
9669745,1768953600039000,1769039999937000,0,8161381,,0.0,5000.0,227000.0,690000.0,3801000,2720,0,0,binance_trades,ethusdt,2026-01-21
6462617,1769040000073000,1769126399629000,0,5459412,,0.0,5000.0,346000.0,952000.0,4476000,5390,0,0,binance_trades,ethusdt,2026-01-22
6484605,1769126400031000,1769212799851000,0,5497989,,0.0,6000.0,343000.0,974000.0,5040000,5889,0,0,binance_trades,ethusdt,2026-01-23
1450204,1769212800013000,1769299199993000,0,1121541,,0.0,151000.0,1076000.0,2185000.0,6607000,17339,0,0,binance_trades,ethusdt,2026-01-24
5810665,1769299200077000,1769385599964000,0,4933824,,0.0,5000.0,386000.0,1251000.0,6309000,10380,0,0,binance_trades,ethusdt,2026-01-25
8044766,1769385600071000,1769471999922000,0,6905548,,0.0,4000.0,279000.0,797000.0,4451000,3767,0,0,binance_trades,ethusdt,2026-01-26
6647131,1769472000022000,1769558399587000,0,5609449,,0.0,8000.0,322000.0,815000.0,3810000,2935,0,0,binance_trades,ethusdt,2026-01-27
5683929,1769558401726000,1769644799887000,0,4795491,,0.0,10000.0,369000.0,937000.0,5436000,4521,0,0,binance_trades,ethusdt,2026-01-28
8707125,1769644801810000,1769731199951000,0,7397276,,0.0,4000.0,261000.0,819000.0,5013000,4610,0,0,binance_trades,ethusdt,2026-01-29
13376998,1769731200015000,1769817599987000,0,11625134,,0.0,2000.0,171000.0,561000.0,3499000,1878,0,0,binance_trades,ethusdt,2026-01-30
15242016,1769817600015000,1769903999891000,0,13111917,,0.0,2000.0,142000.0,587000.0,4142000,3208,0,0,binance_trades,ethusdt,2026-01-31
15342731,1769904000020000,1769990399951000,0,13420987,,0.0,2000.0,152000.0,492000.0,2606000,969,0,0,binance_trades,ethusdt,2026-02-01
21221430,1769990400088000,1770076799549000,0,18700204,,0.0,1000.0,106000.0,384000.0,3628000,1110,0,0,binance_trades,ethusdt,2026-02-02
18297860,1770076800015000,1770163199925000,0,15950641,,0.0,2000.0,123000.0,421000.0,5645000,691,0,0,binance_trades,ethusdt,2026-02-03
18759982,1770163200009000,1770249599954000,0,16439080,,0.0,1000.0,119000.0,466000.0,2907000,1621,0,0,binance_trades,ethusdt,2026-02-04
30864956,1770249600011000,1770335999918000,0,26987250,,0.0,1000.0,71000.0,253000.0,2132000,162,0,0,binance_trades,ethusdt,2026-02-05
24473366,1770336000012000,1770422399884000,0,21244080,,0.0,2000.0,91000.0,314000.0,2905000,371,0,0,binance_trades,ethusdt,2026-02-06
14846160,1770422400012000,1770508799976000,0,12916993,,0.0,2000.0,161000.0,541000.0,3670000,1891,0,0,binance_trades,ethusdt,2026-02-07
8396008,1770508800005000,1770595199680000,0,7224481,,0.0,3000.0,268000.0,810000.0,4914000,4256,0,0,binance_trades,ethusdt,2026-02-08
11520000,1770595200065000,1770681599717000,0,9978076,,0.0,2000.0,199000.0,632000.0,2977000,2471,0,0,binance_trades,ethusdt,2026-02-09
9802469,1770681600009000,1770767999835000,0,8414008,,0.0,3000.0,232000.0,730000.0,5051000,3774,0,0,binance_trades,ethusdt,2026-02-10
12639918,1770768000009000,1770854399973000,0,10987292,,0.0,2000.0,183000.0,628000.0,6673000,2809,0,0,binance_trades,ethusdt,2026-02-11
10345169,1770854400008000,1770940799862000,0,9028258,,0.0,2000.0,229000.0,721000.0,4400000,3566,0,0,binance_trades,ethusdt,2026-02-12
8579828,1770940800070000,1771027199859000,0,7367577,,0.0,3000.0,270000.0,820000.0,4311000,4518,0,0,binance_trades,ethusdt,2026-02-13
4298604,1771027200049000,1771113599877000,0,3588035,,0.0,17000.0,465000.0,1229000.0,6100000,8094,0,0,binance_trades,ethusdt,2026-02-14
8339584,1771113600005000,1771199999871000,0,7133832,,0.0,4000.0,267000.0,751000.0,4300000,3114,0,0,binance_trades,ethusdt,2026-02-15
7420286,1771200000005000,1771286399989000,0,6413923,,0.0,3000.0,309000.0,884000.0,4652000,4847,0,0,binance_trades,ethusdt,2026-02-16
7923955,1771286400005000,1771372799865000,0,6848690,,0.0,3000.0,291000.0,915000.0,5030000,6021,0,0,binance_trades,ethusdt,2026-02-17
7403537,1771372800006000,1771459199816000,0,6358601,,0.0,4000.0,303000.0,881000.0,4527000,4904,0,0,binance_trades,ethusdt,2026-02-18
7059258,1771459200005000,1771545599813000,0,6050527,,0.0,5000.0,318000.0,914000.0,4516000,5213,0,0,binance_trades,ethusdt,2026-02-19
7103706,1771545600002000,1771631999851000,0,6063058,,0.0,5000.0,314000.0,915000.0,6664000,5167,0,0,binance_trades,ethusdt,2026-02-20
2752416,1771632000047000,1771718398876000,0,2258638,,0.0,40000.0,698000.0,1665000.0,7492000,12456,0,0,binance_trades,ethusdt,2026-02-21
2900224,1771718400118000,1771804799861000,0,2397830,,0.0,30000.0,686000.0,1704000.0,6254000,13034,0,0,binance_trades,ethusdt,2026-02-22
9337217,1771804800011000,1771891199887000,0,7966106,,0.0,4000.0,237000.0,698000.0,9515000,2794,0,0,binance_trades,ethusdt,2026-02-23
8649923,1771891201398000,1771977599970000,0,7499061,,0.0,3000.0,260000.0,820000.0,4859000,4728,0,0,binance_trades,ethusdt,2026-02-24
11251053,1771977600072000,1772063999934000,0,9597907,,0.0,4000.0,191000.0,580000.0,3577000,1748,0,0,binance_trades,ethusdt,2026-02-25
8529524,1772064000010000,1772150399968000,0,7359173,,0.0,3000.0,268000.0,754000.0,5143000,3184,0,0,binance_trades,ethusdt,2026-02-26
8776781,1772150400007000,1772236799810000,0,7537667,,0.0,4000.0,252000.0,718000.0,3774000,2793,0,0,binance_trades,ethusdt,2026-02-27
10063275,1772236800005000,1772323199999000,0,8738961,,0.0,3000.0,230000.0,746000.0,4526000,4115,0,0,binance_trades,ethusdt,2026-02-28
10492396,1772323200006000,1772409599594000,0,9089421,,0.0,3000.0,221000.0,646000.0,3458000,2174,0,0,binance_trades,ethusdt,2026-03-01
12411024,1772409600007000,1772495999620000,0,10770280,,0.0,3000.0,187000.0,600000.0,3354000,1988,0,0,binance_trades,ethusdt,2026-03-02
12022290,1772496000065000,1772582399765000,0,10434532,,0.0,3000.0,190000.0,596000.0,4441000,2032,0,0,binance_trades,ethusdt,2026-03-03
13863057,1772582400009000,1772668799972000,0,11945478,,0.0,3000.0,159000.0,509000.0,3287000,1345,0,0,binance_trades,ethusdt,2026-03-04
10037289,1772668800010000,1772755199986000,0,8659136,,0.0,3000.0,221000.0,644000.0,4628000,2206,0,0,binance_trades,ethusdt,2026-03-05
9002347,1772755200099000,1772841599787000,0,7734318,,0.0,4000.0,250000.0,761000.0,3895000,3614,0,0,binance_trades,ethusdt,2026-03-06
3350036,1772841601813000,1772927999852000,0,2786564,,0.0,29000.0,577000.0,1304000.0,4765000,8130,0,0,binance_trades,ethusdt,2026-03-07
6546372,1772928000254000,1773014399995000,0,5658120,,0.0,4000.0,350000.0,956000.0,5018000,5661,0,0,binance_trades,ethusdt,2026-03-08
10994822,1773014400103000,1773100799939000,0,9583395,,0.0,3000.0,210000.0,622000.0,4261000,2312,0,0,binance_trades,ethusdt,2026-03-09
9612546,1773100800081000,1773187199791000,0,8234822,,0.0,4000.0,233000.0,673000.0,3171000,2329,0,0,binance_trades,ethusdt,2026-03-10
7516060,1773187200084000,1773273599904000,0,6394352,,0.0,5000.0,296000.0,847000.0,4353000,4343,0,0,binance_trades,ethusdt,2026-03-11
7412180,1773273600038000,1773359999913000,0,6279166,,0.0,5000.0,291000.0,827000.0,4622000,3925,0,0,binance_trades,ethusdt,2026-03-12
10307679,1773360000021000,1773446399975000,0,8792528,,0.0,3000.0,210000.0,658000.0,12293000,2572,1,0,binance_trades,ethusdt,2026-03-13
2636878,1773446400026000,1773532799877000,0,2144124,,0.0,58000.0,674000.0,1567000.0,14247000,10290,1,0,binance_trades,ethusdt,2026-03-14
4959823,1773532800029000,1773619199979000,0,4160337,,0.0,10000.0,431000.0,1107000.0,4372000,6947,0,0,binance_trades,ethusdt,2026-03-15
11711264,1773619200094000,1773705599944000,0,9902365,,0.0,5000.0,177000.0,465000.0,17442000,361,1,0,binance_trades,ethusdt,2026-03-16
8867270,1773705600059000,1773791999897000,0,7630791,,0.0,3000.0,245000.0,705000.0,25554000,2779,3,0,binance_trades,ethusdt,2026-03-17
9048823,1773792001236000,1773878398692000,0,7640024,,0.0,5000.0,235000.0,711000.0,11727000,2895,1,0,binance_trades,ethusdt,2026-03-18
9087010,1773878400198000,1773964799709000,0,7746935,,0.0,4000.0,241000.0,693000.0,3023000,2412,0,0,binance_trades,ethusdt,2026-03-19
7053550,1773964801437000,1774051199335000,0,6026569,,0.0,4000.0,310000.0,822000.0,3735000,3510,0,0,binance_trades,ethusdt,2026-03-20
2411471,1774051200097000,1774137599861000,0,1950867,,0.0,45000.0,789000.0,1781000.0,6891000,13996,0,0,binance_trades,ethusdt,2026-03-21
6323630,1774137600002000,1774223999852000,0,5380883,,0.0,4000.0,348000.0,920000.0,3450000,4707,0,0,binance_trades,ethusdt,2026-03-22
12323849,1774224000067000,1774310399648000,0,10628272,,0.0,2000.0,185000.0,656000.0,4589000,3494,0,0,binance_trades,ethusdt,2026-03-23
7700055,1774310400076000,1774396799919000,0,6641528,,0.0,3000.0,295000.0,835000.0,4916000,4242,0,0,binance_trades,ethusdt,2026-03-24
6062134,1774396800028000,1774483199973000,0,5172949,,0.0,4000.0,361000.0,1014000.0,6561000,6324,0,0,binance_trades,ethusdt,2026-03-25
6605692,1774483200031000,1774569599645000,0,5582899,,0.0,5000.0,321000.0,888000.0,608503000,4481,2,1,binance_trades,ethusdt,2026-03-26
6614019,1774569600051000,1774655999798000,0,5605212,,0.0,5000.0,326000.0,966000.0,5476000,5907,0,0,binance_trades,ethusdt,2026-03-27
2884649,1774656000142000,1774742399812000,0,2366656,,0.0,39000.0,660000.0,1582000.0,5954000,11283,0,0,binance_trades,ethusdt,2026-03-28
3674189,1774742400089000,1774828799765000,0,3107586,,0.0,8000.0,599000.0,1503000.0,5486000,12417,0,0,binance_trades,ethusdt,2026-03-29
7021728,1774828800096000,1774915199909000,0,5964183,,0.0,5000.0,303000.0,806000.0,4334000,3444,0,0,binance_trades,ethusdt,2026-03-30
8920994,1774915200491000,1775001599830000,0,7661666,,0.0,3000.0,249000.0,756000.0,8077000,3557,0,0,binance_trades,ethusdt,2026-03-31
6569019,1775001600001000,1775087999528000,0,5541516,,0.0,7000.0,320000.0,845000.0,3766000,3625,0,0,binance_trades,ethusdt,2026-04-01
7332273,1775088000307000,1775174399729000,0,6184740,,0.0,5000.0,286000.0,848000.0,5620000,4496,0,0,binance_trades,ethusdt,2026-04-02
3010724,1775174400019000,1775260799900000,0,2483243,,0.0,31000.0,652000.0,1585000.0,6634000,11738,0,0,binance_trades,ethusdt,2026-04-03
1494414,1775260801266000,1775347199105000,0,1176593,,0.0,127000.0,1125000.0,2440000.0,8048000,19110,0,0,binance_trades,ethusdt,2026-04-04
3525005,1775347200603000,1775433599984000,0,2905438,,0.0,22000.0,583000.0,1503000.0,6336000,11318,0,0,binance_trades,ethusdt,2026-04-05
6567508,1775433600073000,1775519999885000,0,5559182,,0.0,6000.0,323000.0,877000.0,5212000,4252,0,0,binance_trades,ethusdt,2026-04-06
8829740,1775520000213000,1775606399991000,0,7549121,,0.0,3000.0,256000.0,742000.0,4061000,3049,0,0,binance_trades,ethusdt,2026-04-07
7003966,1775606400098000,1775692799925000,0,5944789,,0.0,6000.0,304000.0,797000.0,5343000,3128,0,0,binance_trades,ethusdt,2026-04-08
6117522,1775692800282000,1775779199941000,0,5153378,,0.0,8000.0,347000.0,918000.0,4011000,4574,0,0,binance_trades,ethusdt,2026-04-09
4938656,1775779200079000,1775865599120000,0,4121563,,0.0,12000.0,420000.0,1110000.0,10467000,6878,1,0,binance_trades,ethusdt,2026-04-10
3735546,1775865600125000,1775951999426000,0,3118568,,0.0,15000.0,564000.0,1367000.0,5329000,10127,0,0,binance_trades,ethusdt,2026-04-11
4752274,1775952000102000,1776038399961000,0,3987772,,0.0,11000.0,445000.0,1112000.0,4503000,6764,0,0,binance_trades,ethusdt,2026-04-12
7781970,1776038400072000,1776124799833000,0,6672924,,0.0,3000.0,290000.0,926000.0,5016000,6151,0,0,binance_trades,ethusdt,2026-04-13
7448846,1776124800000000,1776211199880000,0,6287351,,0.0,8000.0,281000.0,711000.0,9466000,1900,0,0,binance_trades,ethusdt,2026-04-14
5657685,1776211200385000,1776297599942000,0,4842485,,0.0,5000.0,381000.0,979000.0,4168000,5241,0,0,binance_trades,ethusdt,2026-04-15
6372298,1776297600122000,1776383999987000,0,5430601,,0.0,4000.0,348000.0,986000.0,6297000,6068,0,0,binance_trades,ethusdt,2026-04-16
7784554,1776384001631000,1776470399978000,0,6625409,,0.0,4000.0,286000.0,871000.0,12401000,4978,1,0,binance_trades,ethusdt,2026-04-17
3894959,1776470400111000,1776556799837000,0,3234225,,0.0,23000.0,510000.0,1226000.0,5530000,7754,0,0,binance_trades,ethusdt,2026-04-18
5399181,1776556800257000,1776643199965000,0,4589997,,0.0,6000.0,399000.0,1013000.0,5588000,5635,0,0,binance_trades,ethusdt,2026-04-19
6444583,1776643200004000,1776729599873000,0,5525142,,0.0,4000.0,344000.0,960000.0,4226000,5655,0,0,binance_trades,ethusdt,2026-04-20
6045357,1776729600118000,1776815999934000,0,5225591,,0.0,3000.0,376000.0,1079000.0,13074000,7599,2,0,binance_trades,ethusdt,2026-04-21
6806488,1776816000087000,1776902399948000,0,5780676,,0.0,5000.0,320000.0,939000.0,15319000,5614,2,0,binance_trades,ethusdt,2026-04-22
6266132,1776902400014000,1776988798877000,0,5309846,,0.0,6000.0,337000.0,894000.0,4399000,4342,0,0,binance_trades,ethusdt,2026-04-23
3875601,1776988800006000,1777075197642000,0,3257950,,0.0,16000.0,521000.0,1360000.0,7074000,9376,0,0,binance_trades,ethusdt,2026-04-24
1189496,1777075200055000,1777161598957000,0,917979,,0.0,198000.0,1274000.0,2636000.0,7294000,20067,0,0,binance_trades,ethusdt,2026-04-25
2577100,1777161600139000,1777247999999000,0,2102646,,0.0,48000.0,733000.0,1760000.0,8495000,13092,0,0,binance_trades,ethusdt,2026-04-26
5090276,1777248000001000,1777334399894000,0,4169008,,0.0,19000.0,391000.0,1029000.0,4892000,5580,0,0,binance_trades,ethusdt,2026-04-27
3597532,1777334400007000,1777420799990000,0,2966789,,0.0,31000.0,534000.0,1306000.0,5582000,8195,0,0,binance_trades,ethusdt,2026-04-28
438216,1761958180841000,1777409404270000,115,9613,3.0,64000.0,8341000.0,941883000.0,3776789000.0,32396339000,78418,41616,23149,bybit_liquidations,btcusdt,
302156,1761955329502000,1777417264721000,89,4683,9.0,97000.0,25983000.0,1293156000.0,4472992000.0,21069967000,71048,39856,23056,bybit_liquidations,ethusdt,
